,x,y,types
0,1161.11337076,6178.3830543,Vip
1,1162.91337076,6113.1330543,Vip
2,1168.31337076,6046.0830543,Pvalb
3,1163.81337076,6202.683054300001,Sst
4,1166.96337076,6083.8830543,Vip
5,1171.46337076,6151.3830543,Vip
6,1173.26337076,6206.733054300001,Lamp5
7,1184.06337076,6221.5830543,L5 IT
8,1193.96337076,6186.483054300001,Vip
9,1197.11337076,6076.683054300001,Vip
10,1203.41337076,6029.433054300001,Vip
11,1206.11337076,6047.8830543,Sst
12,1203.86337076,6141.933054300001,Sst
13,1206.11337076,6228.783054300001,Sst
14,1209.26337076,6207.6330543,Sst
15,1215.56337076,6093.3330543,Vip
16,1220.06337076,6151.8330543,Sst
17,1221.41337076,6175.683054300001,Sst
18,1223.21337076,6230.5830543,L6 IT
19,1224.56337076,6127.533054300001,Vip
20,1228.16337076,6054.183054300001,Sst
21,1235.81337076,6113.5830543,Sst
22,1242.11337076,6209.433054300001,Sst
23,1244.81337076,6157.233054300001,Lamp5
24,1245.71337076,6185.5830543,L5 PT
25,1252.91337076,6143.283054300001,L6 IT
26,1253.36337076,6074.8830543,Vip
27,1258.76337076,6173.8830543,Vip
28,1259.21337076,6231.033054300001,Lamp5
29,1264.16337076,6209.433054300001,Pvalb
30,1269.11337076,6073.983054300001,Vip
31,1270.91337076,6094.683054300001,Sst
32,1273.16337076,6225.6330543,Lamp5
33,1284.86337076,6127.533054300001,Sst
34,1283.96337076,6032.1330543,Sst
35,1283.51337076,6154.533054300001,L5 NP
36,1288.46337076,6089.283054300001,L5 NP
37,1293.86337076,6210.783054300001,L6 IT
38,1296.11337076,6149.1330543,Lamp5
39,1295.21337076,6062.733054300001,L6b
40,1301.51337076,6103.233054300001,L5 PT
41,1305.11337076,6022.683054300001,Lamp5
42,1305.56337076,6180.183054300001,Sst
43,1301.96337076,6193.683054300001,Sst
44,1315.01337076,6083.8830543,Sst
45,1313.66337076,6231.933054300001,Sst
46,1314.11337076,6161.283054300001,L5 NP
47,1316.36337076,6128.8830543,L5 PT
48,1317.26337076,6199.983054300001,Pvalb
49,1313.66337076,6085.233054300001,Lamp5
50,1321.31337076,6220.233054300001,L6 IT
51,1323.56337076,6150.933054300001,Lamp5
52,1328.51337076,6024.033054300001,Pvalb
53,1335.26337076,6050.1330543,Vip
54,1340.21337076,6122.1330543,Vip
55,1342.01337076,6100.533054300001,L6 PT
56,1351.01337076,6127.0830543,Pvalb
57,1357.76337076,6073.0830543,Vip
58,1367.21337076,6030.3330543,L6 IT
59,1367.66337076,6053.283054300001,L6b
60,1367.66337076,5730.6330543,Sst
61,1367.66337076,5745.933054300001,Sst
62,1369.91337076,5786.8830543,Pvalb
63,1369.46337076,5829.6330543,Sst
64,1370.36337076,6094.233054300001,Vip
65,1375.76337076,6117.6330543,L6 PT
66,1372.16337076,6146.8830543,L6 IT
67,1373.96337076,5947.983054300001,Lamp5
68,1373.51337076,5988.033054300001,Sst
69,1376.66337076,5901.6330543,Sst
70,1379.81337076,6196.8330543,Pvalb
71,1384.31337076,6071.733054300001,Sst
72,1376.21337076,5983.983054300001,Sst
73,1382.06337076,6020.433054300001,Pvalb
74,1385.21337076,5863.8330543,L6b
75,1389.26337076,6045.183054300001,L6b
76,1389.71337076,6154.533054300001,Sst
77,1389.71337076,6233.733054300001,L6b
78,1391.96337076,5918.283054300001,L6b
79,1391.96337076,6223.8330543,L6 PT
80,1393.76337076,5713.533054300001,VLMC
81,1393.76337076,6030.3330543,Lamp5
82,1396.91337076,5732.8830543,Endo
83,1398.26337076,5687.8830543,Sst
84,1402.76337076,5844.933054300001,Sst
85,1410.86337076,5888.5830543,Oligo
86,1414.01337076,5923.683054300001,L6b
87,1413.56337076,6085.233054300001,Astro
88,1421.21337076,6142.3830543,VLMC
89,1423.46337076,5997.033054300001,Sst
90,1433.36337076,5968.233054300001,Macrophage
91,1438.76337076,6119.433054300001,Vip
92,1441.01337076,6051.933054300001,Astro
93,1438.31337076,5903.433054300001,Vip
94,1441.01337076,5845.8330543,Astro
95,1445.51337076,5945.733054300001,Pvalb
96,1450.01337076,6102.783054300001,Endo
97,1455.41337076,5732.433054300001,Sst
98,1462.16337076,5651.8830543,L2/3 IT
99,1468.91337076,5764.3830543,Lamp5
100,1473.41337076,5950.683054300001,Vip
101,1473.86337076,6147.3330543,Vip
102,1473.86337076,5991.183054300001,Vip
103,1475.21337076,6220.233054300001,Lamp5
104,1478.81337076,6164.433054300001,Sst
105,1503.56337076,5938.0830543,Astro
106,1505.81337076,6150.483054300001,Vip
107,1513.91337076,6228.3330543,L6 IT
108,1507.61337076,5926.3830543,Vip
109,1509.41337076,5700.033054300001,Vip
110,1512.11337076,6098.283054300001,Vip
111,1513.91337076,6203.5830543,Pvalb
112,1511.66337076,5951.1330543,Lamp5
113,1524.71337076,6069.033054300001,Sst
114,1519.31337076,5950.683054300001,Vip
115,1523.81337076,6143.283054300001,Vip
116,1528.76337076,5896.233054300001,Oligo
117,1529.66337076,5849.433054300001,Sst
118,1540.01337076,6195.033054300001,Vip
119,1549.91337076,6152.733054300001,Sst
120,1550.81337076,5872.8330543,Vip
121,1557.56337076,6185.1330543,L6 IT
122,1560.71337076,6220.683054300001,Lamp5
123,1562.96337076,5893.0830543,Sst
124,1567.91337076,6202.683054300001,Pvalb
125,1574.21337076,6142.3830543,L6 PT
126,1579.61337076,5965.983054300001,Lamp5
127,1579.16337076,6345.3330543,L6 PT
128,1581.86337076,6177.483054300001,L6 PT
129,1586.81337076,6301.233054300001,Lamp5
130,1587.26337076,6106.8330543,Vip
131,1591.76337076,6245.433054300001,L6 PT
132,1589.51337076,6269.283054300001,L6 IT
133,1587.71337076,6396.183054300001,Pvalb
134,1596.71337076,6024.483054300001,Lamp5
135,1596.26337076,6207.6330543,Vip
136,1596.26337076,6385.3830543,L6 PT
137,1605.71337076,6349.8330543,L6 IT
138,1609.31337076,6109.0830543,L6b
139,1603.91337076,6184.233054300001,L4
140,1604.36337076,6372.3330543,L6 PT
141,1609.76337076,6131.1330543,L6 PT
142,1612.91337076,6083.433054300001,Sst
143,1612.46337076,6270.183054300001,Sst
144,1613.81337076,6330.033054300001,Vip
145,1618.31337076,6312.483054300001,L6 PT
146,1620.56337076,6374.1330543,L6 PT
147,1622.36337076,6152.733054300001,L6 PT
148,1624.16337076,6389.433054300001,Lamp5
149,1628.21337076,6416.8830543,L5 IT
150,1626.41337076,6001.0830543,Sst
151,1627.76337076,6352.533054300001,L6 PT
152,1628.66337076,6033.933054300001,L6 IT
153,1632.26337076,6076.683054300001,L6 PT
154,1632.71337076,6188.733054300001,L6 IT
155,1639.01337076,6135.6330543,L6 PT
156,1635.41337076,6203.5830543,L6 IT
157,1635.41337076,6337.683054300001,L6 IT
158,1639.01337076,6249.933054300001,L6 PT
159,1642.16337076,6216.6330543,L6 IT
160,1640.81337076,6315.183054300001,Sst
161,1643.51337076,6175.233054300001,Lamp5
162,1651.16337076,5983.983054300001,L6b
163,1643.96337076,6106.3830543,Pvalb
164,1647.11337076,6270.183054300001,L6 PT
165,1645.31337076,6092.8830543,L6 IT
166,1648.91337076,5920.533054300001,Sst
167,1651.16337076,6118.0830543,L6 PT
168,1655.21337076,6259.3830543,L6 PT
169,1654.76337076,6298.983054300001,L6 PT
170,1657.46337076,6322.3830543,L6 IT
171,1653.41337076,5985.3330543,Lamp5
172,1657.46337076,6065.8830543,L6 PT
173,1657.46337076,6365.5830543,Lamp5
174,1659.26337076,6406.0830543,L6 PT
175,1665.11337076,6028.0830543,Sncg
176,1659.26337076,6388.0830543,Pvalb
177,1661.96337076,6191.8830543,Sst
178,1665.11337076,6200.8830543,Lamp5
179,1667.81337076,6241.8330543,L6 IT
180,1667.36337076,6227.8830543,L6 PT
181,1670.06337076,5957.433054300001,L6b
182,1670.51337076,6287.733054300001,L6 IT
183,1669.16337076,6381.783054300001,L6 PT
184,1672.31337076,6312.033054300001,L6 PT
185,1674.56337076,6111.783054300001,L6 PT
186,1676.36337076,6363.3330543,L6 IT
187,1676.81337076,6099.183054300001,Vip
188,1678.61337076,6139.233054300001,L6 IT
189,1683.11337076,5920.533054300001,L6b
190,1691.21337076,6163.983054300001,L6 IT
191,1684.46337076,6219.783054300001,Lamp5
192,1687.16337076,6388.533054300001,L6 PT
193,1690.31337076,5970.033054300001,L6 PT
194,1691.66337076,5995.683054300001,L6 PT
195,1689.86337076,6125.283054300001,L6 PT
196,1691.66337076,6059.5830543,L6 PT
197,1693.01337076,6415.533054300001,L6 IT
198,1697.51337076,6262.0830543,Pvalb
199,1698.41337076,6097.8330543,L6 PT
200,1696.61337076,6435.3330543,L6 IT
201,1700.66337076,6040.233054300001,L6 IT
202,1699.31337076,6178.3830543,L6 PT
203,1701.11337076,6368.733054300001,L6 PT
204,1706.96337076,5907.033054300001,L6 IT
205,1704.26337076,6127.983054300001,L6 PT
206,1704.71337076,5707.233054300001,Lamp5
207,1706.06337076,5938.983054300001,Sst
208,1706.96337076,6015.483054300001,L6 PT
209,1705.16337076,5719.8330543,Sst
210,1705.61337076,5815.233054300001,L6 IT
211,1711.46337076,5875.983054300001,Sst
212,1711.01337076,5953.3830543,L6 PT
213,1710.56337076,6067.233054300001,Lamp5
214,1713.71337076,6358.3830543,L6 IT
215,1715.96337076,5893.983054300001,L6b
216,1720.91337076,6163.0830543,Pvalb
217,1723.61337076,6239.5830543,Pvalb
218,1724.06337076,6074.433054300001,L6 PT
219,1726.31337076,5997.933054300001,Pvalb
220,1727.21337076,5953.3830543,Vip
221,1728.56337076,6425.433054300001,Lamp5
222,1731.26337076,6132.033054300001,L6 PT
223,1729.01337076,6148.683054300001,Lamp5
224,1739.81337076,6015.933054300001,L6 IT
225,1735.76337076,6318.3330543,L6 IT
226,1736.21337076,5854.8330543,L6b
227,1739.81337076,5984.8830543,L6 IT
228,1743.41337076,6105.483054300001,L6 IT
229,1739.81337076,6352.0830543,Sst
230,1739.36337076,6442.533054300001,L6 IT
231,1740.71337076,6274.233054300001,L6 IT
232,1742.96337076,5887.233054300001,L6 PT
233,1742.96337076,5958.3330543,L6 PT
234,1741.16337076,6216.6330543,L6 IT
235,1745.21337076,6411.483054300001,L5 IT
236,1747.46337076,5832.783054300001,L6b
237,1747.91337076,5973.6330543,L6 PT
238,1750.61337076,6127.983054300001,Pvalb
239,1750.16337076,5478.183054300001,Lamp5
240,1751.96337076,6145.0830543,Sst
241,1751.06337076,6288.183054300001,Vip
242,1752.41337076,5996.5830543,L6 IT
243,1754.66337076,5508.783054300001,Sst
244,1758.71337076,5921.433054300001,L6 PT
245,1758.26337076,6175.683054300001,L6 IT
246,1760.06337076,6159.933054300001,L6 IT
247,1764.11337076,6060.933054300001,L6 PT
248,1762.76337076,6258.483054300001,L6 IT
249,1761.86337076,6298.533054300001,L5 IT
250,1766.36337076,6042.033054300001,Lamp5
251,1766.36337076,6416.8830543,L5 PT
252,1769.06337076,6100.533054300001,Pvalb
253,1774.91337076,5871.483054300001,L6 PT
254,1767.26337076,5794.983054300001,L6 IT
255,1768.61337076,6116.733054300001,L6 IT
256,1769.96337076,5960.1330543,L6 PT
257,1771.31337076,5786.8830543,Sst
258,1778.96337076,6324.6330543,Sst
259,1772.21337076,5926.8330543,L6 PT
260,1774.01337076,6145.533054300001,Pvalb
261,1776.71337076,6399.3330543,Pvalb
262,1781.21337076,5843.1330543,Sst
263,1778.51337076,5515.983054300001,Sst
264,1782.56337076,6089.283054300001,L6 IT
265,1781.21337076,6209.8830543,Lamp5
266,1783.91337076,5956.0830543,Vip
267,1785.26337076,6297.183054300001,L6 IT
268,1787.51337076,6236.433054300001,Lamp5
269,1789.31337076,5178.933054300001,Vip
270,1786.16337076,6000.183054300001,Lamp5
271,1788.86337076,6108.183054300001,L6 PT
272,1789.76337076,6136.983054300001,L6 PT
273,1791.56337076,6535.233054300001,L5 IT
274,1794.26337076,5029.533054300001,Sst
275,1789.76337076,5776.0830543,Lamp5
276,1791.56337076,5930.8830543,Lamp5
277,1793.36337076,6010.533054300001,Lamp5
278,1794.26337076,5146.0830543,Sst
279,1795.16337076,5214.933054300001,L6 IT
280,1790.66337076,5943.483054300001,L6 PT
281,1793.36337076,5233.8330543,L6 IT
282,1796.96337076,6610.8330543,L4
283,1797.41337076,5898.933054300001,L6 IT
284,1799.66337076,6459.183054300001,Lamp5
285,1800.11337076,6037.0830543,Sst
286,1802.81337076,6496.0830543,L5 PT
287,1801.91337076,6094.683054300001,L6 IT
288,1803.26337076,6416.433054300001,Lamp5
289,1804.16337076,5861.1330543,L6 PT
290,1805.51337076,6313.8330543,L5 IT
291,1805.51337076,5962.3830543,Lamp5
292,1805.06337076,6079.3830543,L6 PT
293,1804.61337076,6523.0830543,L5 PT
294,1806.41337076,6163.0830543,L5 IT
295,1805.96337076,6287.733054300001,Pvalb
296,1810.01337076,5121.783054300001,Vip
297,1809.11337076,5875.983054300001,L6 PT
298,1817.21337076,5981.283054300001,L6 IT
299,1808.66337076,6204.933054300001,L6 IT
300,1810.46337076,6235.0830543,L6 IT
301,1814.06337076,6547.3830543,Sst
302,1815.86337076,5691.933054300001,Sst
303,1813.16337076,6027.6330543,Sst
304,1817.21337076,5835.033054300001,Sst
305,1816.31337076,6144.6330543,L6 IT
306,1824.86337076,6219.783054300001,Sst
307,1819.46337076,6375.033054300001,L5 IT
308,1822.16337076,6456.033054300001,L5 PT
309,1821.26337076,6531.6330543,L5 NP
310,1819.46337076,6564.483054300001,Pvalb
311,1824.86337076,6040.233054300001,L6 PT
312,1827.56337076,6110.8830543,L6 IT
313,1821.71337076,6622.0830543,Sst
314,1828.46337076,5949.3330543,L6 PT
315,1828.46337076,6438.033054300001,Lamp5
316,1829.81337076,5163.183054300001,Vip
317,1827.56337076,6092.8830543,L6 PT
318,1832.51337076,6325.533054300001,L5 NP
319,1831.61337076,6491.5830543,Pvalb
320,1839.26337076,5133.483054300001,Pvalb
321,1831.61337076,5030.8830543,Lamp5
322,1836.56337076,5082.6330543,Vip
323,1835.66337076,6573.933054300001,L5 PT
324,1837.01337076,5919.183054300001,L6 PT
325,1837.46337076,6208.983054300001,Lamp5
326,1838.81337076,6544.233054300001,L5 IT
327,1838.36337076,6251.283054300001,Pvalb
328,1841.06337076,6523.0830543,L5 PT
329,1839.26337076,5209.533054300001,L6b
330,1843.76337076,6607.233054300001,Lamp5
331,1845.56337076,5980.3830543,Pvalb
332,1840.61337076,5668.533054300001,Sst
333,1841.06337076,5906.5830543,L6 PT
334,1843.76337076,6076.683054300001,L6 IT
335,1846.01337076,6062.283054300001,Pvalb
336,1839.26337076,5132.1330543,Sst
337,1843.31337076,6040.233054300001,Sst
338,1845.11337076,6184.683054300001,L6 IT
339,1846.46337076,6388.533054300001,L5 IT
340,1850.06337076,4984.983054300001,Vip
341,1853.66337076,5036.733054300001,Pvalb
342,1846.91337076,6586.0830543,Pvalb
343,1849.16337076,5703.183054300001,L5 PT
344,1844.66337076,5855.283054300001,L6 PT
345,1849.61337076,6442.983054300001,Vip
346,1849.16337076,6503.733054300001,L5 PT
347,1845.11337076,5873.283054300001,Sncg
348,1853.66337076,6417.3330543,Pvalb
349,1847.81337076,6648.6330543,Sst
350,1849.16337076,6309.3330543,Sst
351,1851.86337076,5894.8830543,L6 PT
352,1854.11337076,5839.983054300001,Vip
353,1855.91337076,5059.233054300001,Vip
354,1854.11337076,6136.533054300001,L6 IT
355,1853.21337076,5209.0830543,L6b
356,1855.01337076,5781.483054300001,Vip
357,1856.36337076,6095.5830543,L6 PT
358,1855.91337076,5736.933054300001,Vip
359,1855.91337076,6483.483054300001,L5 IT
360,1860.41337076,5090.733054300001,Sst
361,1855.91337076,6042.033054300001,L6 IT
362,1867.61337076,6173.433054300001,Pvalb
363,1861.76337076,5666.733054300001,L6b
364,1869.41337076,5803.533054300001,L6 PT
365,1867.16337076,6331.8330543,L5 PT
366,1860.86337076,6586.983054300001,L5 IT
367,1865.81337076,5960.1330543,L6 IT
368,1867.61337076,5936.283054300001,Pvalb
369,1866.26337076,5240.5830543,Oligo
370,1866.26337076,5745.483054300001,L6 PT
371,1866.26337076,6066.3330543,Sst
372,1870.31337076,6548.283054300001,L5 IT
373,1868.06337076,5166.783054300001,Sst
374,1868.06337076,5772.933054300001,L6 PT
375,1868.96337076,5827.8330543,L6 PT
376,1869.41337076,5859.3330543,L6 PT
377,1865.36337076,6152.733054300001,Pvalb
378,1868.06337076,6506.433054300001,L5 PT
379,1868.96337076,5894.8830543,L6 PT
380,1869.86337076,5919.6330543,L6 PT
381,1865.36337076,6602.283054300001,Sst
382,1872.56337076,5077.683054300001,Sst
383,1873.01337076,6453.783054300001,L5 PT
384,1872.56337076,5635.683054300001,L6b
385,1874.36337076,5138.8830543,Lamp5
386,1876.61337076,5725.683054300001,Sst
387,1867.61337076,5801.733054300001,Lamp5
388,1875.71337076,5118.183054300001,Sst
389,1871.21337076,6469.0830543,Lamp5
390,1873.91337076,5285.5830543,Vip
391,1874.81337076,6035.283054300001,Lamp5
392,1873.91337076,6365.1330543,L5 PT
393,1876.16337076,6633.783054300001,L4
394,1882.01337076,6494.283054300001,Vip
395,1885.61337076,5307.6330543,Oligo
396,1877.96337076,6228.3330543,Sst
397,1882.46337076,6522.183054300001,Vip
398,1883.81337076,5883.6330543,L6 PT
399,1877.96337076,5997.933054300001,L6 IT
400,1874.81337076,6555.033054300001,Sst
401,1890.56337076,5055.6330543,Sst
402,1886.51337076,5971.8330543,L6 PT
403,1883.81337076,6389.433054300001,Sst
404,1882.46337076,6405.6330543,L5 IT
405,1883.36337076,6154.983054300001,Lamp5
406,1886.51337076,5036.283054300001,Sst
407,1885.61337076,5264.433054300001,Vip
408,1882.46337076,5763.033054300001,Sst
409,1885.61337076,6065.8830543,L6 IT
410,1885.16337076,6600.033054300001,Lamp5
411,1887.41337076,5843.1330543,L6 IT
412,1886.51337076,6218.8830543,Lamp5
413,1882.46337076,6496.0830543,Lamp5
414,1886.06337076,6620.733054300001,L5 IT
415,1891.01337076,5163.6330543,Vip
416,1890.56337076,5813.8830543,L6 IT
417,1893.26337076,5945.283054300001,Pvalb
418,1895.06337076,6301.233054300001,Sst
419,1895.96337076,6046.0830543,L6 PT
420,1895.06337076,6147.3330543,L6 IT
421,1896.41337076,6472.683054300001,L5 PT
422,1892.36337076,5733.3330543,L6 PT
423,1895.51337076,5928.183054300001,L6 PT
424,1895.06337076,6535.233054300001,L4
425,1901.36337076,4993.983054300001,Vip
426,1896.41337076,5760.783054300001,L6 PT
427,1899.56337076,6343.0830543,L5 IT
428,1898.66337076,6125.733054300001,L5 IT
429,1902.71337076,6276.483054300001,L5 PT
430,1898.21337076,6633.783054300001,Lamp5
431,1902.26337076,6389.8830543,Pvalb
432,1900.46337076,6651.783054300001,Sst
433,1902.71337076,6237.783054300001,Sst
434,1904.06337076,6453.3330543,L5 PT
435,1903.16337076,6545.5830543,L5 IT
436,1908.11337076,5825.5830543,L6 PT
437,1906.76337076,5848.533054300001,Pvalb
438,1905.86337076,6022.233054300001,L6 IT
439,1903.16337076,6528.483054300001,Pvalb
440,1908.56337076,5895.783054300001,Pvalb
441,1907.66337076,5914.233054300001,L6 PT
442,1910.36337076,5938.0830543,L6 PT
443,1906.76337076,5995.683054300001,L6 PT
444,1918.91337076,5716.683054300001,Sst
445,1912.61337076,5879.5830543,L6 PT
446,1909.46337076,5117.283054300001,Vip
447,1909.91337076,5762.5830543,Pvalb
448,1920.26337076,5974.983054300001,Sst
449,1916.21337076,6520.8330543,Sst
450,1913.06337076,5326.0830543,Pvalb
451,1913.51337076,5627.1330543,Sst
452,1913.51337076,5250.933054300001,Vip
453,1913.96337076,6535.233054300001,L4
454,1914.41337076,5105.1330543,Vip
455,1917.56337076,6562.683054300001,L4
456,1917.11337076,5614.0830543,Sst
457,1918.01337076,6204.033054300001,L5 IT
458,1922.06337076,5069.5830543,Sst
459,1921.16337076,6171.6330543,Pvalb
460,1918.91337076,6470.433054300001,L4
461,1919.36337076,6582.933054300001,Pvalb
462,1919.36337076,5464.683054300001,Astro
463,1922.51337076,6124.3830543,Pvalb
464,1922.96337076,5755.3830543,L6 PT
465,1922.06337076,6059.5830543,L6 IT
466,1922.96337076,6303.933054300001,L5 PT
467,1922.51337076,5604.183054300001,L6 PT
468,1926.11337076,6326.433054300001,L5 PT
469,1922.06337076,5141.1330543,Lamp5
470,1924.76337076,5858.433054300001,L6 PT
471,1925.66337076,5039.433054300001,Sst
472,1927.91337076,6612.183054300001,L4
473,1927.01337076,5117.733054300001,Sncg
474,1928.36337076,5515.533054300001,L2/3 IT
475,1926.56337076,5691.033054300001,L6 PT
476,1924.76337076,6005.5830543,Lamp5
477,1930.61337076,6237.3330543,L5 PT
478,1932.41337076,6423.6330543,L5 IT
479,1927.91337076,5737.8330543,Sst
480,1929.26337076,6485.283054300001,L5 IT
481,1931.51337076,6396.183054300001,L5 PT
482,1933.76337076,6031.233054300001,Pvalb
483,1928.81337076,6541.0830543,Lamp5
484,1934.66337076,5830.533054300001,Lamp5
485,1936.46337076,4979.1330543,Sst
486,1931.96337076,5847.6330543,L6 PT
487,1935.56337076,5905.233054300001,L6 IT
488,1936.46337076,5648.733054300001,L6 PT
489,1935.11337076,6378.6330543,L5 PT
490,1938.26337076,6646.8330543,Vip
491,1936.01337076,5573.1330543,L6b
492,1941.86337076,5861.5830543,Pvalb
493,1941.86337076,6518.1330543,L5 IT
494,1942.31337076,5884.0830543,L6 PT
495,1943.21337076,5070.483054300001,Sst
496,1943.66337076,5811.183054300001,Pvalb
497,1943.21337076,6281.433054300001,L5 PT
498,1942.76337076,6575.733054300001,L4
499,1947.26337076,5143.8330543,Sncg
500,1942.76337076,6544.233054300001,L4
501,1943.21337076,5002.983054300001,Vip
502,1944.56337076,5614.533054300001,Sst
503,1945.46337076,6195.033054300001,Lamp5
504,1945.46337076,6408.783054300001,L5 PT
505,1946.36337076,6006.933054300001,Sst
506,1947.26337076,5296.8330543,Sst
507,1945.46337076,6140.1330543,L5 IT
508,1953.11337076,5725.683054300001,L6 PT
509,1948.61337076,5119.533054300001,Vip
510,1946.36337076,5311.683054300001,Sst
511,1945.91337076,5664.033054300001,L6 PT
512,1949.96337076,5912.8830543,L6 IT
513,1950.86337076,6078.033054300001,L5 IT
514,1952.66337076,6477.183054300001,L5 IT
515,1952.66337076,6564.933054300001,Sst
516,1955.81337076,5779.233054300001,L6 PT
517,1954.91337076,6105.033054300001,L5 IT
518,1954.91337076,5587.983054300001,Pvalb
519,1952.66337076,6377.283054300001,Sst
520,1956.26337076,6587.8830543,L4
521,1963.46337076,6300.3330543,Sst
522,1960.76337076,5027.283054300001,Sst
523,1961.66337076,5074.983054300001,Sst
524,1959.41337076,5970.483054300001,Pvalb
525,1958.51337076,6135.6330543,L5 IT
526,1960.31337076,6534.783054300001,Vip
527,1962.11337076,5282.433054300001,Sst
528,1965.71337076,5672.5830543,Pvalb
529,1963.46337076,5796.3330543,L6 PT
530,1964.36337076,6228.783054300001,Sst
531,1963.01337076,6647.733054300001,Lamp5
532,1961.66337076,5569.0830543,Sst
533,1962.56337076,6632.433054300001,Lamp5
534,1967.96337076,5523.183054300001,L6b
535,1970.21337076,5834.5830543,L6 IT
536,1967.96337076,5867.8830543,L6 IT
537,1965.71337076,6014.5830543,Pvalb
538,1966.61337076,6268.3830543,L5 IT
539,1977.86337076,5746.8330543,Pvalb
540,1968.41337076,6556.8330543,Sst
541,1969.76337076,6501.933054300001,Sst
542,1970.66337076,6095.1330543,Vip
543,1974.26337076,6170.283054300001,Lamp5
544,1966.61337076,5675.733054300001,Sst
545,1974.71337076,5711.283054300001,L6 IT
546,1975.16337076,5997.933054300001,L6 IT
547,1975.61337076,6409.233054300001,L5 IT
548,1974.26337076,6584.283054300001,Pvalb
549,1975.61337076,5245.983054300001,Vip
550,1980.11337076,5502.033054300001,L6 PT
551,1979.66337076,6348.483054300001,Sst
552,1976.51337076,5563.233054300001,Pvalb
553,1977.41337076,5727.483054300001,Sst
554,1979.21337076,5627.5830543,Lamp5
555,1982.36337076,5804.8830543,Lamp5
556,1978.31337076,6454.683054300001,Sst
557,1981.91337076,5069.5830543,Pvalb
558,1982.36337076,6044.283054300001,Lamp5
559,1981.46337076,6377.733054300001,Lamp5
560,1981.01337076,5097.483054300001,L6b
561,1983.71337076,6081.183054300001,L5 IT
562,1984.16337076,5956.533054300001,L2/3 IT
563,1985.51337076,5453.433054300001,L6 IT
564,1986.86337076,5985.3330543,L6 IT
565,1985.96337076,6260.283054300001,Lamp5
566,1990.91337076,6518.1330543,Pvalb
567,1989.11337076,6614.433054300001,Sst
568,1987.76337076,6212.5830543,Lamp5
569,1985.51337076,5823.783054300001,Lamp5
570,1991.36337076,5917.8330543,Pvalb
571,1987.31337076,5472.3330543,L2/3 IT
572,1990.91337076,5574.483054300001,L6 IT
573,1989.11337076,6271.983054300001,Lamp5
574,1992.26337076,6293.1330543,Sst
575,1994.06337076,5533.0830543,Pvalb
576,1995.41337076,6144.183054300001,Vip
577,1995.41337076,6490.683054300001,Sst
578,1994.51337076,6633.783054300001,Lamp5
579,1995.41337076,5091.6330543,Sst
580,1998.56337076,5719.3830543,L6 IT
581,1999.01337076,5604.183054300001,Lamp5
582,1997.66337076,5659.0830543,L6 IT
583,1998.56337076,6570.3330543,L4
584,2000.36337076,6699.483054300001,L4
585,2000.36337076,6736.3830542999995,L2/3 IT
586,1999.91337076,4921.533054300001,Lamp5
587,1997.66337076,5787.3330543,Lamp5
588,1999.01337076,5838.6330543,Sst
589,2002.16337076,5013.3330543,Sst
590,2004.41337076,5043.483054300001,Sst
591,1999.91337076,5274.783054300001,Vip
592,2001.26337076,6371.433054300001,L5 IT
593,2001.26337076,5626.233054300001,Lamp5
594,2003.96337076,4938.6330543,Sst
595,2008.01337076,5463.783054300001,L6b
596,2003.06337076,5752.683054300001,L6 PT
597,2003.96337076,6339.933054300001,L5 IT
598,2004.86337076,6776.8830542999995,Sst
599,2006.21337076,5256.783054300001,Pvalb
600,2008.01337076,5493.033054300001,L6 PT
601,2004.41337076,6163.0830543,Pvalb
602,2008.01337076,5862.483054300001,L6 IT
603,2004.86337076,5968.233054300001,Lamp5
604,2010.71337076,5571.783054300001,L6 IT
605,2010.26337076,5873.283054300001,Sst
606,2017.46337076,5645.1330543,L6 IT
607,2011.61337076,6225.183054300001,Lamp5
608,2015.21337076,4804.983054300001,Lamp5
609,2015.66337076,4852.683054300001,Lamp5
610,2017.46337076,5092.983054300001,VLMC
611,2019.71337076,6024.033054300001,Pvalb
612,2011.61337076,6549.183054300001,Pvalb
613,2015.21337076,6649.983054300001,Sst
614,2017.91337076,4908.483054300001,Lamp5
615,2017.91337076,5764.8330543,L6 IT
616,2017.46337076,5690.1330543,L6 IT
617,2022.41337076,6827.2830543,Sst
618,2017.01337076,5313.933054300001,Vip
619,2020.16337076,5944.8330543,L5 IT
620,2022.41337076,5543.433054300001,L6 PT
621,2015.66337076,5970.033054300001,Sst
622,2023.31337076,6700.3830543,L2/3 IT
623,2022.86337076,4980.033054300001,Sst
624,2025.56337076,6266.1330543,Sst
625,2024.21337076,6333.6330543,Sst
626,2025.56337076,5897.1330543,L6 IT
627,2026.91337076,6594.6330543,Sst
628,2025.11337076,5622.183054300001,L6 PT
629,2027.36337076,5736.483054300001,L6 IT
630,2027.81337076,5856.183054300001,L6 PT
631,2027.36337076,6494.733054300001,L4
632,2027.36337076,5669.433054300001,L6 PT
633,2026.01337076,6428.1330543,Sst
634,2027.36337076,6667.533054300001,L4
635,2022.41337076,5545.233054300001,Lamp5
636,2029.61337076,6241.3830543,L5 IT
637,2031.41337076,5006.1330543,Sst
638,2028.26337076,5198.733054300001,Sst
639,2034.11337076,5716.233054300001,Pvalb
640,2031.41337076,5875.533054300001,Pvalb
641,2031.41337076,5986.233054300001,Pvalb
642,2031.86337076,6317.8830543,Vip
643,2031.86337076,5442.183054300001,L6b
644,2034.11337076,6192.783054300001,L5 NP
645,2033.66337076,5067.783054300001,Pvalb
646,2036.36337076,6552.783054300001,L4
647,2037.71337076,5912.8830543,L5 IT
648,2036.81337076,6613.533054300001,L4
649,2040.41337076,6801.6330542999995,L2/3 IT
650,2035.46337076,4994.8830543,Sst
651,2039.96337076,6148.683054300001,L5 IT
652,2041.31337076,4915.233054300001,L5 NP
653,2040.41337076,4961.5830543,Sst
654,2039.06337076,5039.8830543,Vip
655,2042.21337076,4868.433054300001,Lamp5
656,2041.76337076,5424.183054300001,Pvalb
657,2039.51337076,6256.233054300001,L5 IT
658,2039.51337076,4822.533054300001,L5 IT
659,2041.31337076,5198.283054300001,Sst
660,2042.21337076,6680.5830543,Pvalb
661,2043.11337076,6124.8330543,L5 NP
662,2042.66337076,6403.3830543,L4
663,2045.36337076,6576.183054300001,Vip
664,2040.86337076,5608.683054300001,Lamp5
665,2044.91337076,5636.5830543,L6 PT
666,2044.01337076,5767.983054300001,L6 PT
667,2048.96337076,4850.433054300001,L4
668,2044.46337076,5086.233054300001,Astro
669,2044.91337076,5825.5830543,L6 IT
670,2047.61337076,5487.6330543,L6 PT
671,2042.66337076,6428.1330543,Sst
672,2044.46337076,6522.6330543,Sst
673,2052.56337076,5655.483054300001,Vip
674,2047.61337076,6208.533054300001,Lamp5
675,2048.06337076,6537.933054300001,L4
676,2048.51337076,6712.0830543,L2/3 IT
677,2045.36337076,5112.783054300001,Vip
678,2046.71337076,6303.483054300001,L5 IT
679,2049.86337076,5238.3330543,Oligo
680,2053.01337076,6766.5330543,L2/3 IT
681,2048.06337076,5441.733054300001,L6 IT
682,2047.61337076,5519.5830543,L6 PT
683,2051.66337076,6596.8830543,Pvalb
684,2054.36337076,6106.8330543,L5 PT
685,2049.86337076,6381.783054300001,L4
686,2051.66337076,5701.8330543,L6 PT
687,2051.21337076,5954.283054300001,Vip
688,2055.71337076,6063.6330543,L5 PT
689,2053.46337076,6739.9830543,L2/3 IT
690,2053.01337076,5779.683054300001,Lamp5
691,2049.41337076,6822.7830543,Vip
692,2053.46337076,6233.733054300001,Pvalb
693,2056.61337076,4892.733054300001,Lamp5
694,2055.26337076,5403.483054300001,Pvalb
695,2055.71337076,5581.683054300001,L6 PT
696,2059.76337076,6359.283054300001,Vip
697,2056.16337076,6483.483054300001,L4
698,2056.16337076,6502.3830543,L4
699,2055.26337076,6552.3330543,L4
700,2059.31337076,5373.783054300001,L6b
701,2057.96337076,5878.683054300001,L5 IT
702,2057.96337076,6672.033054300001,Sst
703,2060.66337076,5922.783054300001,L5 IT
704,2059.76337076,6798.4830543,L2/3 IT
705,2057.96337076,5329.683054300001,Sst
706,2058.41337076,6185.1330543,Lamp5
707,2060.21337076,4827.033054300001,L5 PT
708,2059.76337076,5791.3830543,L6 PT
709,2061.11337076,5565.483054300001,L6 PT
710,2063.36337076,4948.533054300001,Sst
711,2063.36337076,5505.183054300001,L6 PT
712,2065.61337076,4808.1330543,Vip
713,2062.46337076,5144.733054300001,Sst
714,2063.36337076,6305.283054300001,Vip
715,2064.26337076,5440.8330543,L6 PT
716,2064.26337076,5819.283054300001,Lamp5
717,2064.71337076,6158.5830543,Lamp5
718,2065.16337076,5290.533054300001,Oligo
719,2066.06337076,5551.533054300001,L6 PT
720,2067.41337076,5600.5830543,L6 IT
721,2069.66337076,6087.933054300001,Vip
722,2068.76337076,6330.933054300001,L4
723,2067.41337076,6601.8330543,L4
724,2071.91337076,5628.933054300001,L6 IT
725,2070.56337076,5746.8330543,L6 IT
726,2071.91337076,5763.933054300001,L6 IT
727,2071.01337076,6837.1830543,Vip
728,2071.91337076,5800.8330543,L6 IT
729,2072.81337076,4785.183054300001,Sst
730,2072.81337076,6045.183054300001,Lamp5
731,2073.71337076,6277.3830543,Vip
732,2074.16337076,5839.983054300001,L6 IT
733,2075.96337076,6816.0330543,L2/3 IT
734,2076.86337076,5414.733054300001,L6 PT
735,2078.66337076,5888.5830543,L5 IT
736,2076.41337076,6484.3830543,Pvalb
737,2078.21337076,6583.8330543,L2/3 IT
738,2075.51337076,5395.3830543,Pvalb
739,2079.11337076,6374.1330543,L4
740,2083.16337076,4875.6330543,Sst
741,2080.46337076,5657.283054300001,L6 PT
742,2079.11337076,6413.733054300001,L4
743,2082.71337076,5066.433054300001,Oligo
744,2079.11337076,5237.8830543,Vip
745,2081.36337076,6627.483054300001,L4
746,2083.61337076,4900.3830543,Vip
747,2081.36337076,5516.433054300001,L6 PT
748,2084.51337076,5696.433054300001,Pvalb
749,2082.71337076,6349.3830543,L4
750,2083.61337076,4925.5830543,Sst
751,2083.16337076,5317.533054300001,L6b
752,2086.31337076,5583.033054300001,Pvalb
753,2085.86337076,5437.683054300001,L6 PT
754,2086.31337076,5788.683054300001,L6 IT
755,2086.76337076,5605.983054300001,L6 PT
756,2084.06337076,5200.0830543,Vip
757,2090.81337076,5961.483054300001,Sst
758,2084.96337076,6614.433054300001,Vip
759,2089.46337076,5360.283054300001,L6b
760,2088.56337076,6509.1330543,Vip
761,2089.46337076,5331.483054300001,Pvalb
762,2095.31337076,5551.983054300001,L6 IT
763,2090.36337076,6097.3830543,Lamp5
764,2091.26337076,6231.933054300001,Vip
765,2090.81337076,6828.1830543,L2/3 IT
766,2091.71337076,6433.533054300001,Sst
767,2091.26337076,6457.8330543,Sst
768,2091.26337076,5135.733054300001,Vip
769,2093.06337076,5926.8330543,Sst
770,2090.81337076,6391.233054300001,L6 IT
771,2093.96337076,5484.033054300001,L6 IT
772,2095.31337076,5726.1330543,L6 IT
773,2092.61337076,5858.433054300001,L5 IT
774,2092.16337076,6325.533054300001,L4
775,2093.96337076,6046.533054300001,Pvalb
776,2093.96337076,6218.433054300001,Sst
777,2090.81337076,6591.933054300001,L2/3 IT
778,2101.16337076,5647.8330543,Sst
779,2094.86337076,6163.0830543,Lamp5
780,2096.66337076,5501.1330543,L6 PT
781,2100.71337076,6249.933054300001,Pvalb
782,2096.66337076,6537.483054300001,L4
783,2096.66337076,5317.533054300001,L6b
784,2098.01337076,5385.033054300001,L6 PT
785,2100.26337076,5750.8830543,L6 IT
786,2097.56337076,6618.033054300001,L2/3 IT
787,2103.86337076,5342.283054300001,Sst
788,2101.61337076,6282.783054300001,L4
789,2103.86337076,4839.6330543,L5 NP
790,2101.61337076,5021.8830543,Vip
791,2103.41337076,5797.683054300001,L6 IT
792,2105.21337076,6023.1330543,Vip
793,2104.76337076,6404.283054300001,Pvalb
794,2103.86337076,6516.3330543,Sst
795,2101.16337076,6593.733054300001,L2/3 IT
796,2107.01337076,5463.3330543,Pvalb
797,2104.31337076,6661.233054300001,Sst
798,2109.26337076,5533.983054300001,L6 PT
799,2106.11337076,5709.933054300001,L6 PT
800,2105.21337076,6201.783054300001,L5 IT
801,2106.56337076,5920.533054300001,L5 PT
802,2107.91337076,6358.8330543,Pvalb
803,2109.71337076,5586.183054300001,Lamp5
804,2115.56337076,4769.433054300001,Sst
805,2111.06337076,4814.8830543,Pvalb
806,2110.16337076,5295.033054300001,L6 PT
807,2109.26337076,5625.3330543,L6 IT
808,2106.11337076,6320.5830543,Sst
809,2110.61337076,5687.8830543,L6 IT
810,2110.61337076,6372.783054300001,Sst
811,2112.86337076,6470.8830543,L4
812,2111.51337076,5774.733054300001,Sst
813,2112.41337076,6498.3330543,Sst
814,2115.11337076,5423.733054300001,L6 PT
815,2115.56337076,6231.483054300001,L5 IT
816,2116.91337076,6530.283054300001,L4
817,2115.56337076,4890.933054300001,Vip
818,2113.31337076,4915.233054300001,Sst
819,2116.01337076,6432.6330543,Lamp5
820,2119.61337076,6049.233054300001,Pvalb
821,2116.91337076,5383.233054300001,Lamp5
822,2116.46337076,5868.3330543,L5 IT
823,2121.41337076,5929.983054300001,Pvalb
824,2123.66337076,6085.683054300001,Lamp5
825,2116.01337076,4770.3330543,Vip
826,2118.71337076,5265.783054300001,L6b
827,2120.06337076,5441.283054300001,Pvalb
828,2125.91337076,4863.933054300001,Sst
829,2123.66337076,5540.283054300001,L6 IT
830,2124.11337076,5670.783054300001,L6 PT
831,2125.01337076,5995.683054300001,Sst
832,2123.21337076,6554.5830543,L4
833,2128.16337076,5341.3830543,L6 PT
834,2125.46337076,5405.733054300001,L6 PT
835,2126.81337076,5484.483054300001,L6 PT
836,2125.91337076,6382.683054300001,L4
837,2124.56337076,5717.5830543,L6 IT
838,2129.51337076,5394.033054300001,Vip
839,2129.96337076,5805.783054300001,Sst
840,2129.96337076,5956.533054300001,L5 PT
841,2127.71337076,5061.933054300001,Sst
842,2129.51337076,5783.733054300001,Pvalb
843,2125.91337076,6140.1330543,L5 IT
844,2130.41337076,6510.033054300001,L2/3 IT
845,2131.31337076,5275.683054300001,L6b
846,2132.21337076,5602.3830543,Lamp5
847,2133.56337076,6019.0830543,Lamp5
848,2131.31337076,6302.1330543,L4
849,2127.26337076,4799.1330543,Lamp5
850,2130.86337076,5457.933054300001,L6 PT
851,2132.66337076,5704.0830543,L6 IT
852,2128.16337076,6578.8830543,L2/3 IT
853,2133.56337076,6603.6330543,L4
854,2134.46337076,5259.033054300001,L6b
855,2136.26337076,5295.033054300001,L6b
856,2134.91337076,4781.5830543,L5 PT
857,2133.56337076,6180.183054300001,Sst
858,2135.81337076,6108.6330543,L5 IT
859,2132.66337076,6457.3830543,Lamp5
860,2134.46337076,5865.183054300001,Sst
861,2135.81337076,5572.233054300001,Sst
862,2132.66337076,5825.1330543,Lamp5
863,2136.26337076,5974.533054300001,Sst
864,2135.36337076,6478.533054300001,Lamp5
865,2138.96337076,4835.1330543,Sst
866,2138.51337076,5648.733054300001,L6 PT
867,2137.61337076,6232.3830543,Sst
868,2139.41337076,4810.3830543,Sst
869,2140.31337076,5439.483054300001,L6 PT
870,2138.06337076,5889.933054300001,Sst
871,2139.41337076,6394.3830543,Sst
872,2136.71337076,6138.783054300001,L4
873,2140.76337076,5405.733054300001,L6 PT
874,2139.86337076,5770.683054300001,Lamp5
875,2144.36337076,6422.283054300001,L4
876,2142.56337076,5521.3830543,L6 PT
877,2141.66337076,6348.483054300001,L4
878,2140.31337076,6274.233054300001,L4
879,2145.71337076,5497.533054300001,L6 PT
880,2144.81337076,6322.8330543,L4
881,2142.56337076,5857.0830543,Sst
882,2147.51337076,5874.6330543,L5 PT
883,2151.11337076,4770.3330543,Sst
884,2148.41337076,5371.983054300001,Lamp5
885,2147.51337076,5631.6330543,L6 IT
886,2150.66337076,6264.783054300001,Sst
887,2149.76337076,6498.3330543,L4
888,2150.21337076,5681.1330543,L6 IT
889,2150.21337076,5985.783054300001,Sst
890,2156.96337076,6065.433054300001,Sst
891,2152.46337076,5615.433054300001,Pvalb
892,2151.56337076,6377.283054300001,L4
893,2152.46337076,5581.233054300001,L6 PT
894,2151.11337076,6360.6330543,L4
895,2153.81337076,6564.933054300001,L4
896,2151.56337076,5916.033054300001,L6 IT
897,2153.81337076,6002.433054300001,Sst
898,2154.26337076,5331.033054300001,L6 PT
899,2151.11337076,5859.3330543,Sst
900,2155.61337076,6100.533054300001,Pvalb
901,2155.16337076,6168.483054300001,Vip
902,2156.06337076,4930.983054300001,Lamp5
903,2165.96337076,5263.983054300001,L6 PT
904,2158.31337076,5899.8330543,Sst
905,2161.46337076,4864.3830543,Sst
906,2152.91337076,6096.483054300001,Lamp5
907,2157.41337076,5139.3330543,Sst
908,2153.81337076,6096.483054300001,Sst
909,2161.91337076,6120.783054300001,L5 IT
910,2161.91337076,5012.433054300001,Lamp5
911,2165.06337076,5556.933054300001,Pvalb
912,2165.06337076,6594.183054300001,Vip
913,2166.41337076,5966.433054300001,Vip
914,2164.61337076,5424.183054300001,Vip
915,2165.51337076,5529.033054300001,L6 PT
916,2167.31337076,5722.533054300001,L5 IT
917,2168.21337076,5359.3830543,L6 PT
918,2168.66337076,5751.3330543,L6 IT
919,2169.56337076,6357.933054300001,L4
920,2170.91337076,5495.733054300001,L6 PT
921,2170.91337076,6429.483054300001,Lamp5
922,2171.36337076,6565.3830543,L2/3 IT
923,2171.81337076,6183.783054300001,L4
924,2168.66337076,6315.6330543,L4
925,2173.16337076,5236.533054300001,L6 PT
926,2174.06337076,5681.5830543,L6 IT
927,2174.51337076,5699.1330543,Sst
928,2174.96337076,6542.8830543,Lamp5
929,2174.96337076,6138.783054300001,Sst
930,2180.81337076,6284.1330543,L4
931,2177.66337076,5451.183054300001,Vip
932,2177.66337076,5633.8830543,Sst
933,2175.41337076,6493.3830543,Pvalb
934,2178.56337076,6515.8830543,Vip
935,2177.66337076,5575.8330543,Vip
936,2178.56337076,5895.3330543,L5 IT
937,2181.26337076,5962.3830543,L5 IT
938,2179.01337076,6097.8330543,Pvalb
939,2178.56337076,6222.033054300001,L4
940,2176.31337076,5246.8830543,Sst
941,2181.71337076,5295.033054300001,L6 PT
942,2179.91337076,5782.8330543,Sst
943,2180.81337076,6375.933054300001,L2/3 IT
944,2180.81337076,6455.5830543,Lamp5
945,2181.71337076,6192.3330543,Lamp5
946,2182.16337076,5834.1330543,L5 PT
947,2181.71337076,6032.5830543,Lamp5
948,2181.26337076,6475.8330543,L4
949,2186.66337076,5520.933054300001,Pvalb
950,2184.86337076,5212.233054300001,Sst
951,2184.41337076,6343.0830543,L4
952,2186.21337076,5388.183054300001,Lamp5
953,2186.66337076,5464.233054300001,Vip
954,2186.66337076,6069.483054300001,L5 IT
955,2187.11337076,6251.733054300001,Sst
956,2184.41337076,6169.3830543,Vip
957,2191.16337076,5487.6330543,Lamp5
958,2195.66337076,5848.983054300001,Sst
959,2192.06337076,6609.033054300001,L2/3 IT
960,2193.86337076,5182.983054300001,Sst
961,2192.51337076,5686.983054300001,L4
962,2192.96337076,6000.183054300001,Lamp5
963,2192.06337076,6157.233054300001,Pvalb
964,2188.91337076,6499.683054300001,L2/3 IT
965,2193.86337076,6124.8330543,L5 IT
966,2193.86337076,5664.483054300001,L5 IT
967,2193.86337076,4881.033054300001,Sst
968,2196.56337076,5323.3830543,L6 PT
969,2192.96337076,6382.233054300001,L4
970,2197.46337076,5438.1330543,L6 IT
971,2197.91337076,6554.5830543,L2/3 IT
972,2196.11337076,5157.783054300001,Sst
973,2200.61337076,5347.683054300001,L6 PT
974,2200.16337076,5239.233054300001,L6 PT
975,2198.81337076,5966.433054300001,Pvalb
976,2205.56337076,6347.5830543,L4
977,2197.01337076,6461.433054300001,Lamp5
978,2201.51337076,5211.783054300001,Pvalb
979,2203.76337076,5543.8830543,L6 IT
980,2204.21337076,5885.433054300001,L5 PT
981,2205.56337076,5934.483054300001,L5 PT
982,2202.86337076,6309.3330543,L4
983,2206.01337076,6494.733054300001,Sst
984,2204.66337076,6578.8830543,L2/3 IT
985,2206.46337076,4926.033054300001,Lamp5
986,2207.81337076,5141.5830543,Sst
987,2206.01337076,5902.533054300001,L5 PT
988,2205.11337076,5481.783054300001,Sst
989,2203.76337076,6295.3830543,Vip
990,2207.36337076,4685.283054300001,Pvalb
991,2209.61337076,5502.033054300001,L6 IT
992,2208.26337076,5528.1330543,L6 IT
993,2207.81337076,6622.533054300001,Lamp5
994,2207.81337076,4852.233054300001,Pvalb
995,2206.01337076,5467.8330543,Pvalb
996,2210.96337076,4635.3330543,L5 PT
997,2210.51337076,5746.8330543,L5 IT
998,2209.61337076,6121.683054300001,Vip
999,2210.06337076,6173.8830543,Pvalb
1000,2213.66337076,5291.8830543,L6 IT
1001,2211.41337076,6593.733054300001,Lamp5
1002,2217.71337076,6041.1330543,L5 IT
1003,2216.36337076,5679.783054300001,Pvalb
1004,2216.81337076,5403.933054300001,Pvalb
1005,2218.16337076,4705.0830543,Sst
1006,2217.71337076,6562.233054300001,L2/3 IT
1007,2219.06337076,4670.8830543,L5 NP
1008,2217.26337076,5380.533054300001,Pvalb
1009,2217.71337076,6316.0830543,L2/3 IT
1010,2219.06337076,6511.8330543,L2/3 IT
1011,2221.31337076,6442.0830543,Sst
1012,2224.01337076,5205.933054300001,Pvalb
1013,2227.61337076,6091.0830543,Pvalb
1014,2223.11337076,6611.283054300001,L2/3 IT
1015,2219.51337076,5308.983054300001,L6 PT
1016,2226.26337076,6256.233054300001,L4
1017,2222.66337076,6417.783054300001,Lamp5
1018,2224.01337076,6022.683054300001,Lamp5
1019,2228.96337076,4616.433054300001,L5 PT
1020,2226.71337076,5565.033054300001,L6 IT
1021,2222.66337076,6624.3330543,Lamp5
1022,2228.06337076,5494.8330543,L6 IT
1023,2224.01337076,6056.433054300001,Sst
1024,2224.46337076,4557.933054300001,Sst
1025,2229.41337076,5853.483054300001,L5 PT
1026,2228.51337076,5964.6330543,L5 IT
1027,2228.51337076,6117.183054300001,Pvalb
1028,2228.96337076,5460.183054300001,L6 PT
1029,2226.26337076,5812.983054300001,Vip
1030,2228.06337076,5262.183054300001,L6 PT
1031,2228.51337076,6222.933054300001,Sst
1032,2227.16337076,5425.0830543,Vip
1033,2234.36337076,5119.533054300001,Lamp5
1034,2228.96337076,5801.283054300001,Sst
1035,2224.91337076,5207.733054300001,Lamp5
1036,2232.11337076,6281.8830543,L4
1037,2229.41337076,5182.983054300001,Lamp5
1038,2233.91337076,5893.533054300001,L5 PT
1039,2235.71337076,5760.3330543,L5 IT
1040,2234.36337076,5346.3330543,L6 PT
1041,2234.81337076,6184.233054300001,Pvalb
1042,2237.06337076,4684.8330543,Pvalb
1043,2237.06337076,5914.683054300001,L5 IT
1044,2237.96337076,5990.733054300001,L5 IT
1045,2233.46337076,6061.8330543,Lamp5
1046,2235.71337076,6149.5830543,Sst
1047,2236.61337076,6324.6330543,Lamp5
1048,2240.21337076,6397.983054300001,Lamp5
1049,2237.51337076,4672.683054300001,Vip
1050,2237.51337076,5331.483054300001,L6 PT
1051,2234.81337076,5360.283054300001,L6 IT
1052,2237.96337076,6337.233054300001,L4
1053,2237.96337076,4867.983054300001,Vip
1054,2239.31337076,5216.733054300001,L6 PT
1055,2237.96337076,5407.533054300001,L6 IT
1056,2239.31337076,6038.433054300001,Sst
1057,2240.21337076,6505.0830543,L2/3 IT
1058,2237.51337076,6580.233054300001,L2/3 IT
1059,2237.96337076,6442.533054300001,Vip
1060,2242.46337076,5519.1330543,L6 PT
1061,2241.56337076,4912.533054300001,Vip
1062,2242.91337076,6469.0830543,L2/3 IT
1063,2243.36337076,6553.233054300001,Sst
1064,2245.61337076,5268.933054300001,L6 IT
1065,2245.16337076,5612.733054300001,Vip
1066,2237.51337076,6578.8830543,Lamp5
1067,2247.41337076,5496.183054300001,L6 IT
1068,2245.61337076,6138.3330543,L4
1069,2246.51337076,6190.533054300001,L4
1070,2248.76337076,6349.8330543,Vip
1071,2246.96337076,6420.483054300001,Pvalb
1072,2246.96337076,5441.733054300001,Vip
1073,2249.21337076,6236.8830543,L4
1074,2246.51337076,6027.183054300001,Sst
1075,2247.86337076,6080.283054300001,Lamp5
1076,2246.51337076,6104.1330543,Pvalb
1077,2251.91337076,5727.933054300001,L5 PT
1078,2246.96337076,6159.033054300001,L4
1079,2251.46337076,6271.983054300001,L4
1080,2250.56337076,4815.783054300001,Sst
1081,2251.91337076,5132.5830543,L6 IT
1082,2259.11337076,5592.483054300001,L6 PT
1083,2251.46337076,6087.483054300001,Sst
1084,2255.06337076,4863.033054300001,Vip
1085,2256.86337076,5693.733054300001,L5 PT
1086,2258.21337076,5823.783054300001,Sst
1087,2265.86337076,6389.433054300001,L2/3 IT
1088,2253.71337076,5249.5830543,L5 IT
1089,2255.96337076,4556.1330543,Sst
1090,2258.21337076,6501.933054300001,L2/3 IT
1091,2254.61337076,5121.783054300001,Sst
1092,2256.41337076,6336.783054300001,L4
1093,2259.56337076,4955.283054300001,Lamp5
1094,2259.56337076,5473.683054300001,L6 IT
1095,2255.96337076,6534.3330543,L2/3 IT
1096,2259.56337076,5227.0830543,Sst
1097,2255.96337076,5326.533054300001,L6 PT
1098,2260.01337076,6441.6330543,Lamp5
1099,2257.31337076,6101.8830543,Vip
1100,2261.81337076,4752.783054300001,Sst
1101,2263.16337076,5855.733054300001,L5 IT
1102,2261.36337076,5147.433054300001,Vip
1103,2254.61337076,5591.1330543,Lamp5
1104,2274.41337076,6574.3830543,Vip
1105,2262.71337076,4612.3830543,Sst
1106,2260.91337076,5416.983054300001,Sst
1107,2260.46337076,5641.533054300001,L5 IT
1108,2262.26337076,6206.733054300001,Sst
1109,2266.31337076,6657.183054300001,L2/3 IT
1110,2267.66337076,4590.783054300001,Pvalb
1111,2268.11337076,5083.0830543,Sst
1112,2267.66337076,5894.8830543,L5 IT
1113,2264.06337076,6123.933054300001,Pvalb
1114,2265.41337076,6599.5830543,Vip
1115,2264.06337076,4819.8330543,Vip
1116,2263.61337076,5121.3330543,L6 PT
1117,2266.76337076,4632.183054300001,Sst
1118,2267.66337076,5350.8330543,L6 PT
1119,2270.36337076,5736.033054300001,L5 PT
1120,2265.41337076,6307.983054300001,Pvalb
1121,2266.31337076,6537.033054300001,L2/3 IT
1122,2266.76337076,4925.5830543,Sst
1123,2273.51337076,6070.8330543,Pvalb
1124,2270.81337076,4841.433054300001,Vip
1125,2270.81337076,5137.0830543,L6 PT
1126,2271.26337076,6631.0830543,Vip
1127,2272.16337076,5059.683054300001,L6b
1128,2270.81337076,5618.1330543,Pvalb
1129,2269.91337076,6176.5830543,Sst
1130,2276.66337076,4660.0830543,Vip
1131,2271.71337076,5202.783054300001,L6 PT
1132,2279.81337076,5708.5830543,Sst
1133,2271.71337076,6496.983054300001,L2/3 IT
1134,2271.26337076,5309.433054300001,L6 IT
1135,2276.21337076,5536.683054300001,L6 IT
1136,2271.71337076,5813.8830543,Lamp5
1137,2277.11337076,5957.8830543,L5 IT
1138,2273.51337076,5775.6330543,L5 IT
1139,2279.36337076,4889.1330543,Astro
1140,2273.51337076,6435.783054300001,Vip
1141,2277.56337076,6466.3830543,L2/3 IT
1142,2282.06337076,5248.233054300001,L6 PT
1143,2282.06337076,5293.683054300001,L6 IT
1144,2277.56337076,5841.3330543,Pvalb
1145,2279.36337076,6310.683054300001,L4
1146,2277.56337076,5333.283054300001,L6 IT
1147,2281.16337076,6154.983054300001,L4
1148,2280.26337076,6523.0830543,L2/3 IT
1149,2279.36337076,4827.933054300001,Pvalb
1150,2282.06337076,6279.6330543,L4
1151,2281.61337076,6609.933054300001,L2/3 IT
1152,2283.86337076,5464.233054300001,L6 IT
1153,2279.36337076,5988.483054300001,L5 IT
1154,2279.36337076,6101.8830543,Sst
1155,2275.76337076,6394.3830543,Lamp5
1156,2282.51337076,5191.533054300001,L6 PT
1157,2279.81337076,6048.3330543,L4
1158,2283.86337076,4562.433054300001,Sst
1159,2282.51337076,6417.3330543,Lamp5
1160,2285.66337076,5346.3330543,L6 IT
1161,2283.86337076,5817.933054300001,Lamp5
1162,2286.56337076,5440.8330543,L6 IT
1163,2285.21337076,5614.0830543,L5 IT
1164,2288.81337076,6177.033054300001,Pvalb
1165,2289.26337076,5501.1330543,L6 IT
1166,2288.81337076,6023.1330543,L6 IT
1167,2290.16337076,6376.3830543,L2/3 IT
1168,2289.26337076,6641.8830543,Vip
1169,2288.36337076,4706.8830543,Pvalb
1170,2290.16337076,5408.433054300001,Sst
1171,2289.71337076,6208.533054300001,L4
1172,2295.11337076,5660.8830543,L5 PT
1173,2286.11337076,6108.6330543,L4
1174,2289.26337076,6136.533054300001,L4
1175,2291.06337076,6262.533054300001,L4
1176,2289.26337076,6500.5830543,Pvalb
1177,2289.26337076,5001.6330543,Sst
1178,2293.31337076,6339.033054300001,L2/3 IT
1179,2291.06337076,5368.8330543,Lamp5
1180,2296.91337076,5689.683054300001,L5 PT
1181,2295.11337076,6440.733054300001,L4
1182,2296.91337076,5102.433054300001,L6 IT
1183,2293.76337076,5217.6330543,Sst
1184,2295.11337076,5898.033054300001,L5 NP
1185,2291.51337076,5991.6330543,L6 IT
1186,2296.46337076,5329.683054300001,Vip
1187,2295.56337076,5358.033054300001,L6 IT
1188,2294.21337076,5977.683054300001,Oligo
1189,2295.11337076,5485.8330543,L6 IT
1190,2298.26337076,5947.983054300001,Vip
1191,2297.36337076,6238.683054300001,L4
1192,2299.16337076,5082.6330543,L6 PT
1193,2300.06337076,5719.8330543,L5 IT
1194,2304.11337076,5846.283054300001,L5 IT
1195,2301.41337076,6532.983054300001,L2/3 IT
1196,2302.31337076,4835.1330543,Vip
1197,2302.76337076,5011.983054300001,Sst
1198,2304.11337076,5431.8330543,Sst
1199,2301.86337076,5588.433054300001,L6 IT
1200,2300.96337076,6124.8330543,L4
1201,2304.11337076,6094.233054300001,L4
1202,2304.11337076,6485.283054300001,L2/3 IT
1203,2309.06337076,6559.533054300001,L2/3 IT
1204,2305.01337076,5760.3330543,L5 IT
1205,2303.66337076,5234.733054300001,L6 PT
1206,2308.16337076,4930.0830543,Astro
1207,2305.01337076,6164.8830543,L4
1208,2308.61337076,5306.733054300001,L6 PT
1209,2310.41337076,5122.683054300001,L6 PT
1210,2314.46337076,5177.1330543,Pvalb
1211,2309.51337076,6289.0830543,L2/3 IT
1212,2312.21337076,6587.8830543,L2/3 IT
1213,2307.26337076,5483.5830543,L6 IT
1214,2310.86337076,6055.0830543,Sst
1215,2312.21337076,5054.733054300001,L6 PT
1216,2312.21337076,5807.5830543,Lamp5
1217,2309.06337076,6517.233054300001,Lamp5
1218,2313.11337076,6010.533054300001,L4
1219,2313.11337076,5517.783054300001,Pvalb
1220,2314.46337076,5741.433054300001,Vip
1221,2317.61337076,5786.8830543,L5 PT
1222,2312.66337076,6343.0830543,L2/3 IT
1223,2316.71337076,5204.1330543,L6 IT
1224,2310.41337076,6077.1330543,Sst
1225,2310.86337076,6244.0830543,Pvalb
1226,2314.91337076,4953.933054300001,L6 PT
1227,2313.56337076,6109.0830543,L4
1228,2318.06337076,6436.233054300001,Vip
1229,2316.71337076,5643.3330543,Sst
1230,2318.96337076,5270.283054300001,L6 PT
1231,2318.96337076,4709.5830543,Oligo
1232,2319.86337076,5249.5830543,L6 PT
1233,2318.51337076,6155.8830543,L4
1234,2319.86337076,6248.1330543,L4
1235,2318.06337076,6397.983054300001,L2/3 IT
1236,2324.36337076,4985.433054300001,L6 PT
1237,2323.01337076,6196.3830543,L4
1238,2324.81337076,5689.233054300001,L5 PT
1239,2316.71337076,5173.983054300001,Lamp5
1240,2323.01337076,5585.283054300001,Vip
1241,2318.51337076,6075.783054300001,L6 IT
1242,2322.56337076,6492.933054300001,Vip
1243,2322.56337076,5492.1330543,L6 IT
1244,2322.56337076,5602.3830543,L5 IT
1245,2330.21337076,5934.483054300001,L5 IT
1246,2325.26337076,6273.3330543,Lamp5
1247,2323.46337076,6537.483054300001,L2/3 IT
1248,2325.26337076,6039.3330543,Pvalb
1249,2324.81337076,4784.733054300001,Oligo
1250,2326.61337076,5312.5830543,L6 PT
1251,2326.61337076,5453.433054300001,L6 IT
1252,2330.21337076,5713.983054300001,L5 PT
1253,2327.51337076,6316.533054300001,L2/3 IT
1254,2329.31337076,6506.8830543,L2/3 IT
1255,2326.61337076,5348.5830543,L6 IT
1256,2325.71337076,5966.8830543,Pvalb
1257,2325.71337076,6136.533054300001,Lamp5
1258,2324.81337076,6417.783054300001,Lamp5
1259,2325.71337076,6573.483054300001,Sst
1260,2331.56337076,5328.3330543,L6 PT
1261,2332.91337076,5090.283054300001,L6 PT
1262,2331.11337076,5473.233054300001,Pvalb
1263,2332.01337076,5810.733054300001,Lamp5
1264,2332.01337076,6028.983054300001,Pvalb
1265,2332.01337076,6096.033054300001,L4
1266,2329.76337076,5135.283054300001,Lamp5
1267,2333.81337076,5547.033054300001,L6 IT
1268,2335.61337076,5015.1330543,L6 PT
1269,2329.76337076,5648.733054300001,Sst
1270,2335.16337076,5507.8830543,L5 IT
1271,2335.16337076,5122.683054300001,L6 IT
1272,2334.26337076,5180.733054300001,Pvalb
1273,2332.91337076,6354.3330543,Sst
1274,2336.51337076,5843.1330543,Pvalb
1275,2334.71337076,4674.933054300001,Vip
1276,2339.21337076,5416.0830543,Vip
1277,2337.41337076,5977.233054300001,L4
1278,2338.31337076,5168.5830543,Lamp5
1279,2340.11337076,5274.3330543,L6 IT
1280,2336.51337076,4957.0830543,Sst
1281,2340.11337076,6058.683054300001,L4
1282,2341.46337076,5303.5830543,L6 PT
1283,2343.71337076,5908.3830543,Pvalb
1284,2341.46337076,5112.3330543,L6 IT
1285,2343.71337076,6400.233054300001,L2/3 IT
1286,2343.71337076,4898.5830543,L6b
1287,2341.46337076,5043.933054300001,L6 IT
1288,2341.46337076,4714.983054300001,Lamp5
1289,2339.66337076,5959.683054300001,Sst
1290,2343.71337076,5602.8330543,L5 IT
1291,2344.16337076,6342.6330543,Sst
1292,2341.91337076,6434.8830543,Lamp5
1293,2342.36337076,6570.783054300001,L2/3 IT
1294,2343.26337076,6204.483054300001,L4
1295,2348.21337076,5488.533054300001,L5 IT
1296,2349.11337076,6230.5830543,Sst
1297,2350.01337076,5583.933054300001,Sst
1298,2346.86337076,5745.483054300001,Lamp5
1299,2349.11337076,4835.5830543,VLMC
1300,2353.16337076,4918.3830543,Sncg
1301,2349.56337076,4651.983054300001,Oligo
1302,2346.41337076,5065.983054300001,Sst
1303,2351.81337076,6153.183054300001,Sst
1304,2351.36337076,5461.983054300001,L6 IT
1305,2354.51337076,6382.683054300001,Sst
1306,2349.56337076,5199.183054300001,Sst
1307,2355.41337076,5636.1330543,Pvalb
1308,2351.36337076,6136.0830543,L4
1309,2354.96337076,4953.483054300001,Sst
1310,2353.16337076,6085.233054300001,Sst
1311,2354.06337076,6284.5830543,Pvalb
1312,2354.06337076,6469.533054300001,Vip
1313,2354.51337076,5280.6330543,L6 IT
1314,2351.81337076,4635.3330543,Vip
1315,2357.66337076,5119.533054300001,L6 IT
1316,2357.21337076,5372.8830543,L6 IT
1317,2357.21337076,5055.6330543,L6 IT
1318,2357.66337076,6359.283054300001,L2/3 IT
1319,2359.91337076,6513.6330543,Sst
1320,2359.46337076,4864.8330543,L6 PT
1321,2357.66337076,5951.5830543,L4
1322,2357.66337076,6175.233054300001,Pvalb
1323,2358.11337076,5327.8830543,L6 IT
1324,2359.91337076,5430.933054300001,Vip
1325,2364.41337076,5884.533054300001,Sst
1326,2363.06337076,6554.1330543,L6 IT
1327,2363.06337076,5866.0830543,L4
1328,2363.96337076,6192.3330543,L2/3 IT
1329,2364.86337076,5009.733054300001,Lamp5
1330,2369.81337076,5246.433054300001,Pvalb
1331,2367.11337076,5270.733054300001,L6 IT
1332,2367.11337076,5738.733054300001,Sst
1333,2362.61337076,5942.5830543,Vip
1334,2371.16337076,6123.033054300001,Sst
1335,2368.01337076,6068.5830543,L4
1336,2370.26337076,4850.8830543,Vip
1337,2369.36337076,5555.5830543,Lamp5
1338,2369.81337076,6298.0830543,L4
1339,2375.66337076,4919.283054300001,L6b
1340,2371.16337076,5061.483054300001,L6 PT
1341,2374.31337076,6440.283054300001,Sst
1342,2372.06337076,4879.233054300001,L6b
1343,2374.31337076,5224.3830543,L6 IT
1344,2375.66337076,5453.433054300001,L6 IT
1345,2372.51337076,5856.6330543,Vip
1346,2375.66337076,6033.483054300001,Lamp5
1347,2371.61337076,5159.1330543,Sst
1348,2379.71337076,5706.783054300001,Sst
1349,2375.66337076,6179.283054300001,L4
1350,2376.56337076,6001.533054300001,L4
1351,2376.11337076,5046.6330543,Pvalb
1352,2378.36337076,5080.3830543,L6 PT
1353,2387.81337076,5102.8830543,L6 PT
1354,2375.21337076,5613.6330543,Pvalb
1355,2378.81337076,6149.1330543,Lamp5
1356,2377.46337076,4860.783054300001,L6 IT
1357,2376.56337076,5169.933054300001,L6 PT
1358,2381.06337076,5513.283054300001,Sncg
1359,2374.76337076,5941.233054300001,L4
1360,2377.46337076,6020.433054300001,Lamp5
1361,2379.71337076,6416.433054300001,L2/3 IT
1362,2379.26337076,5133.483054300001,L6 PT
1363,2379.71337076,5484.033054300001,L6 IT
1364,2380.16337076,6492.933054300001,Pvalb
1365,2378.81337076,6248.1330543,Pvalb
1366,2379.26337076,6231.033054300001,Vip
1367,2381.06337076,4802.283054300001,L6b
1368,2382.41337076,5033.5830543,L6 IT
1369,2382.86337076,5603.283054300001,L6 IT
1370,2383.31337076,4960.683054300001,L6 IT
1371,2384.21337076,5564.5830543,L5 PT
1372,2385.11337076,6365.1330543,L2/3 IT
1373,2387.36337076,6071.733054300001,Pvalb
1374,2383.76337076,6390.783054300001,Sst
1375,2385.11337076,4996.233054300001,Lamp5
1376,2387.81337076,5021.8830543,L6 PT
1377,2390.51337076,5279.733054300001,L6 IT
1378,2390.51337076,4789.233054300001,L5 IT
1379,2389.61337076,4885.0830543,L6 PT
1380,2388.26337076,5461.0830543,Vip
1381,2390.06337076,4829.283054300001,L6b
1382,2388.71337076,5471.8830543,L5 IT
1383,2392.31337076,5848.533054300001,Sst
1384,2394.11337076,5580.3330543,L5 IT
1385,2390.96337076,5990.283054300001,Vip
1386,2394.11337076,5065.983054300001,L6 PT
1387,2394.11337076,5436.3330543,L4
1388,2397.26337076,4813.0830543,L6 IT
1389,2396.36337076,4856.733054300001,L6 IT
1390,2397.71337076,5215.3830543,L6 IT
1391,2397.71337076,5200.983054300001,Lamp5
1392,2396.81337076,6214.8330543,Sst
1393,2396.81337076,5330.5830543,Sst
1394,2395.91337076,5685.6330543,Sst
1395,2396.36337076,6456.483054300001,Sst
1396,2394.11337076,5106.483054300001,Sst
1397,2399.06337076,5251.3830543,L6 IT
1398,2399.51337076,5920.983054300001,Pvalb
1399,2398.16337076,5944.8330543,L4
1400,2407.61337076,5141.1330543,L6 PT
1401,2403.11337076,5492.5830543,Sst
1402,2404.91337076,5233.3830543,L6b
1403,2406.26337076,5767.983054300001,Pvalb
1404,2405.81337076,6276.033054300001,Vip
1405,2406.26337076,6090.183054300001,L4
1406,2407.16337076,5023.683054300001,Pvalb
1407,2409.41337076,5696.433054300001,Sst
1408,2404.91337076,6037.0830543,Lamp5
1409,2408.96337076,5305.3830543,Sst
1410,2410.76337076,6487.533054300001,Pvalb
1411,2412.11337076,5127.183054300001,Lamp5
1412,2414.36337076,6117.6330543,Vip
1413,2413.46337076,6350.283054300001,L4
1414,2412.56337076,6415.983054300001,Lamp5
1415,2413.46337076,5998.3830543,Lamp5
1416,2411.66337076,6260.733054300001,Sst
1417,2413.91337076,4858.533054300001,Sst
1418,2414.81337076,6194.5830543,L2/3 IT
1419,2416.16337076,4818.933054300001,L6 PT
1420,2417.06337076,4898.1330543,L6 PT
1421,2416.16337076,5443.983054300001,Sst
1422,2413.91337076,6269.733054300001,Sst
1423,2416.16337076,6169.3830543,L2/3 IT
1424,2418.41337076,5351.283054300001,Sst
1425,2418.86337076,5053.3830543,L6 PT
1426,2418.41337076,5167.233054300001,Lamp5
1427,2420.66337076,5733.3330543,Vip
1428,2417.06337076,5857.533054300001,Vip
1429,2419.31337076,6320.1330543,L2/3 IT
1430,2417.96337076,4703.283054300001,L6 IT
1431,2422.01337076,4955.283054300001,Sst
1432,2419.76337076,5074.533054300001,L6 PT
1433,2418.86337076,5257.233054300001,L6 PT
1434,2421.56337076,5317.983054300001,L6 IT
1435,2420.66337076,5906.1330543,Sst
1436,2418.86337076,4761.783054300001,Lamp5
1437,2420.66337076,5195.1330543,Lamp5
1438,2422.91337076,5290.983054300001,L6 IT
1439,2426.51337076,5029.983054300001,L6 IT
1440,2427.86337076,5510.1330543,L5 PT
1441,2426.51337076,5651.433054300001,Pvalb
1442,2426.96337076,4918.8330543,L6 IT
1443,2429.21337076,5621.733054300001,Vip
1444,2426.96337076,6383.5830543,Lamp5
1445,2425.16337076,6253.533054300001,L2/3 IT
1446,2429.66337076,6293.5830543,L2/3 IT
1447,2431.46337076,4881.033054300001,L6 PT
1448,2427.86337076,6406.983054300001,Sst
1449,2431.01337076,4838.733054300001,L6 PT
1450,2430.56337076,6415.533054300001,Sst
1451,2433.26337076,5085.783054300001,L6 IT
1452,2434.61337076,6116.733054300001,Vip
1453,2435.51337076,6192.783054300001,Lamp5
1454,2444.96337076,6068.1330543,Pvalb
1455,2442.71337076,4794.6330543,L6 PT
1456,2435.96337076,5403.483054300001,Pvalb
1457,2438.66337076,6150.483054300001,Pvalb
1458,2438.66337076,5450.283054300001,L5 PT
1459,2444.51337076,5700.933054300001,Pvalb
1460,2441.81337076,5643.3330543,Sst
1461,2441.36337076,6341.733054300001,L2/3 IT
1462,2440.46337076,5959.683054300001,Vip
1463,2442.26337076,6359.733054300001,Sst
1464,2453.96337076,4980.933054300001,L6 IT
1465,2445.86337076,5680.233054300001,Vip
1466,2445.41337076,5040.3330543,L6 PT
1467,2447.21337076,6228.3330543,Sst
1468,2448.11337076,6323.733054300001,L2/3 IT
1469,2445.86337076,4922.433054300001,L6 PT
1470,2447.21337076,5823.783054300001,Pvalb
1471,2442.71337076,6091.983054300001,Pvalb
1472,2444.96337076,6127.533054300001,Lamp5
1473,2448.11337076,6393.033054300001,Vip
1474,2447.21337076,6437.1330543,Sst
1475,2449.91337076,5597.433054300001,Lamp5
1476,2453.06337076,5020.0830543,L6 PT
1477,2443.61337076,5701.3830543,Lamp5
1478,2445.41337076,6106.3830543,Vip
1479,2450.81337076,6177.933054300001,L2/3 IT
1480,2447.66337076,6293.1330543,L2/3 IT
1481,2450.81337076,5142.033054300001,L6 PT
1482,2447.21337076,6258.483054300001,Vip
1483,2451.26337076,5990.283054300001,Sst
1484,2458.46337076,5441.733054300001,L5 PT
1485,2454.41337076,4846.8330543,L6 PT
1486,2452.16337076,5097.483054300001,Vip
1487,2453.96337076,5290.533054300001,L5 IT
1488,2454.41337076,5502.483054300001,Vip
1489,2453.06337076,5076.783054300001,Endo
1490,2454.86337076,5320.233054300001,L6 IT
1491,2455.76337076,5852.1330543,L4
1492,2458.46337076,5251.8330543,L6 IT
1493,2454.86337076,5558.283054300001,Sst
1494,2461.61337076,5808.933054300001,Vip
1495,2450.81337076,5442.183054300001,Sst
1496,2455.76337076,6370.533054300001,Pvalb
1497,2451.71337076,5442.183054300001,Lamp5
1498,2459.36337076,5209.0830543,L6 PT
1499,2452.61337076,5442.183054300001,Sst
1500,2461.16337076,6353.8830543,Vip
1501,2461.61337076,4920.183054300001,Pvalb
1502,2460.71337076,6270.6330543,L2/3 IT
1503,2457.11337076,6420.483054300001,Sst
1504,2459.36337076,5272.983054300001,Pvalb
1505,2462.96337076,5714.433054300001,L5 IT
1506,2465.21337076,6101.8830543,L2/3 IT
1507,2464.31337076,6136.533054300001,L4
1508,2465.66337076,6162.183054300001,L2/3 IT
1509,2457.11337076,5020.533054300001,Lamp5
1510,2465.66337076,4963.8330543,Lamp5
1511,2466.11337076,4998.483054300001,L6 PT
1512,2467.01337076,5187.483054300001,L6 IT
1513,2462.06337076,6404.733054300001,Pvalb
1514,2464.31337076,5027.283054300001,L6 PT
1515,2463.41337076,5101.533054300001,Vip
1516,2468.36337076,5367.933054300001,Pvalb
1517,2469.26337076,5390.8830543,Vip
1518,2465.21337076,5353.983054300001,Pvalb
1519,2468.81337076,5519.1330543,L5 IT
1520,2471.06337076,5931.3330543,L4
1521,2468.36337076,6053.283054300001,Pvalb
1522,2470.61337076,5125.8330543,L6 IT
1523,2471.06337076,5965.533054300001,L4
1524,2470.16337076,5074.0830543,L6 IT
1525,2473.31337076,4930.983054300001,L6 IT
1526,2472.86337076,5603.733054300001,Lamp5
1527,2474.21337076,4852.683054300001,L6 PT
1528,2475.11337076,5324.733054300001,L5 IT
1529,2472.86337076,5855.733054300001,L4
1530,2473.76337076,5896.683054300001,L4
1531,2477.36337076,6378.183054300001,Sst
1532,2476.46337076,5659.0830543,Vip
1533,2474.66337076,6021.783054300001,Lamp5
1534,2477.81337076,6033.483054300001,L4
1535,2480.51337076,5142.483054300001,L6 IT
1536,2482.76337076,5565.483054300001,Pvalb
1537,2480.06337076,5702.283054300001,Vip
1538,2477.81337076,6424.983054300001,Sst
1539,2481.41337076,6200.433054300001,L2/3 IT
1540,2487.26337076,5490.3330543,Lamp5
1541,2478.71337076,6359.283054300001,Pvalb
1542,2483.21337076,4775.733054300001,L6 PT
1543,2480.51337076,5052.483054300001,Sst
1544,2482.31337076,5999.733054300001,Lamp5
1545,2484.11337076,5278.3830543,Oligo
1546,2482.76337076,5510.1330543,Pvalb
1547,2484.11337076,6344.433054300001,L2/3 IT
1548,2484.56337076,4878.3330543,Sst
1549,2485.01337076,5212.683054300001,L6 IT
1550,2481.41337076,5920.983054300001,L4
1551,2485.01337076,5984.8830543,L4
1552,2485.46337076,4897.233054300001,L6 PT
1553,2487.71337076,5427.783054300001,L5 PT
1554,2489.06337076,5121.3330543,L6 IT
1555,2492.21337076,5236.983054300001,L6 IT
1556,2489.96337076,5766.183054300001,Pvalb
1557,2494.01337076,5020.533054300001,Sst
1558,2494.91337076,5346.783054300001,L5 PT
1559,2490.41337076,5102.8830543,L6 IT
1560,2489.96337076,5461.983054300001,Lamp5
1561,2493.56337076,5661.783054300001,Sst
1562,2490.41337076,5923.683054300001,Lamp5
1563,2494.01337076,4925.1330543,L6 PT
1564,2496.71337076,4940.433054300001,Vip
1565,2494.46337076,4997.1330543,Sst
1566,2493.56337076,6384.483054300001,Vip
1567,2498.06337076,5388.183054300001,L5 PT
1568,2496.26337076,5536.233054300001,L5 PT
1569,2494.91337076,6055.0830543,Pvalb
1570,2499.41337076,4845.033054300001,L6 PT
1571,2503.01337076,5442.183054300001,L5 PT
1572,2498.06337076,5950.233054300001,L4
1573,2500.76337076,4819.3830543,L6 PT
1574,2498.06337076,5049.783054300001,L6 PT
1575,2501.21337076,5627.1330543,L5 IT
1576,2498.51337076,5718.033054300001,Vip
1577,2500.76337076,5897.1330543,L4
1578,2499.41337076,4984.533054300001,L6 PT
1579,2501.66337076,5247.783054300001,Sst
1580,2499.86337076,5727.033054300001,L4
1581,2501.66337076,5829.183054300001,L4
1582,2499.41337076,6168.933054300001,Pvalb
1583,2507.06337076,6396.183054300001,Sst
1584,2505.26337076,5182.983054300001,Pvalb
1585,2500.76337076,6360.6330543,Sst
1586,2500.31337076,4966.983054300001,Lamp5
1587,2502.56337076,6189.183054300001,Vip
1588,2505.71337076,6303.933054300001,L2/3 IT
1589,2503.01337076,5305.3830543,Endo
1590,2504.81337076,5512.3830543,L5 PT
1591,2507.06337076,5693.283054300001,Pvalb
1592,2505.26337076,5863.8330543,L4
1593,2504.36337076,6321.933054300001,L2/3 IT
1594,2508.41337076,5207.283054300001,L6 IT
1595,2507.96337076,5932.683054300001,L4
1596,2510.66337076,4883.733054300001,L6 PT
1597,2510.21337076,5761.683054300001,L4
1598,2511.56337076,6100.0830543,L2/3 IT
1599,2511.11337076,4796.433054300001,Sst
1600,2509.76337076,6204.033054300001,Lamp5
1601,2512.46337076,5589.3330543,Sst
1602,2511.11337076,5663.1330543,L5 IT
1603,2511.56337076,4970.5830543,L6 IT
1604,2509.76337076,5033.1330543,Sst
1605,2512.91337076,5079.483054300001,L6 IT
1606,2514.71337076,5537.1330543,Lamp5
1607,2509.76337076,5053.8330543,L6 PT
1608,2516.96337076,6069.933054300001,L2/3 IT
1609,2518.76337076,6162.6330543,L2/3 IT
1610,2516.96337076,6246.783054300001,L2/3 IT
1611,2514.26337076,5331.483054300001,Pvalb
1612,2512.46337076,5993.8830543,L4
1613,2514.71337076,6281.433054300001,Vip
1614,2510.66337076,6394.3830543,Lamp5
1615,2524.16337076,5744.1330543,L4
1616,2519.66337076,5615.433054300001,Vip
1617,2519.66337076,5725.683054300001,Sst
1618,2521.91337076,5002.533054300001,L6 PT
1619,2519.21337076,6214.3830543,Sst
1620,2525.06337076,5343.6330543,Vip
1621,2521.01337076,5650.533054300001,Pvalb
1622,2523.26337076,5947.533054300001,Pvalb
1623,2523.26337076,6294.033054300001,L2/3 IT
1624,2520.56337076,5032.683054300001,Sst
1625,2522.36337076,5701.3830543,L4
1626,2521.01337076,5837.733054300001,L4
1627,2524.16337076,6366.483054300001,L2/3 IT
1628,2524.61337076,5858.8830543,L4
1629,2523.71337076,6019.0830543,L2/3 IT
1630,2526.86337076,4823.8830543,L6 PT
1631,2522.81337076,4930.533054300001,Sst
1632,2527.31337076,5187.933054300001,L6 IT
1633,2526.86337076,4799.5830543,L6 PT
1634,2533.16337076,6268.3830543,L2/3 IT
1635,2529.11337076,5049.783054300001,L6 IT
1636,2527.76337076,5101.983054300001,Sst
1637,2531.36337076,4858.983054300001,L6 PT
1638,2530.01337076,6033.033054300001,L2/3 IT
1639,2532.26337076,5300.433054300001,L5 IT
1640,2533.61337076,5936.283054300001,L4
1641,2533.16337076,5628.933054300001,Vip
1642,2529.56337076,6208.0830543,Lamp5
1643,2534.51337076,5813.8830543,L4
1644,2532.26337076,6349.3830543,Lamp5
1645,2533.61337076,5025.033054300001,L6 PT
1646,2533.61337076,5071.8330543,Pvalb
1647,2533.61337076,5976.3330543,L4
1648,2537.66337076,4918.8330543,L6 IT
1649,2536.31337076,5547.033054300001,Sst
1650,2531.81337076,6231.483054300001,Sst
1651,2539.46337076,5132.5830543,L6 IT
1652,2539.91337076,5377.3830543,Lamp5
1653,2534.06337076,5390.8830543,L5 IT
1654,2538.56337076,5916.033054300001,Sst
1655,2539.01337076,5476.8330543,Sst
1656,2542.16337076,6162.183054300001,L2/3 IT
1657,2543.06337076,4936.8330543,L6 IT
1658,2545.31337076,5358.483054300001,Vip
1659,2538.11337076,5585.733054300001,Lamp5
1660,2542.16337076,5416.533054300001,Sst
1661,2541.71337076,5082.6330543,Lamp5
1662,2543.51337076,5109.6330543,Sst
1663,2544.41337076,6176.5830543,Sst
1664,2543.96337076,5852.1330543,Lamp5
1665,2544.86337076,6207.6330543,L2/3 IT
1666,2541.71337076,6232.3830543,Vip
1667,2546.66337076,5237.433054300001,L5 PT
1668,2545.76337076,6217.983054300001,Sst
1669,2547.11337076,5325.183054300001,L5 PT
1670,2548.01337076,5493.033054300001,L5 IT
1671,2545.76337076,4844.5830543,L6 IT
1672,2555.66337076,5424.183054300001,Lamp5
1673,2547.11337076,5463.3330543,L5 PT
1674,2547.11337076,5681.5830543,Lamp5
1675,2551.16337076,6070.8330543,L4
1676,2554.76337076,6307.533054300001,Sst
1677,2555.21337076,4883.283054300001,L6 IT
1678,2551.61337076,5707.233054300001,L4
1679,2552.51337076,5793.6330543,Lamp5
1680,2552.51337076,5886.783054300001,L4
1681,2553.86337076,4909.3830543,Vip
1682,2553.86337076,4971.483054300001,Sst
1683,2554.31337076,5730.6330543,L4
1684,2554.76337076,6189.6330543,L2/3 IT
1685,2552.06337076,5083.0830543,L6 IT
1686,2560.16337076,5927.283054300001,L4
1687,2553.41337076,5960.1330543,L4
1688,2555.21337076,5303.1330543,Lamp5
1689,2555.66337076,5010.6330543,Sst
1690,2560.61337076,5806.683054300001,Sst
1691,2559.26337076,5628.483054300001,Sst
1692,2559.26337076,5857.533054300001,L4
1693,2558.81337076,5226.183054300001,Pvalb
1694,2562.41337076,4763.5830543,Vip
1695,2557.46337076,4842.783054300001,L6 PT
1696,2561.96337076,5257.683054300001,L5 PT
1697,2562.41337076,5564.5830543,L5 IT
1698,2562.41337076,5329.233054300001,Sst
1699,2564.66337076,5996.5830543,L4
1700,2563.31337076,5770.683054300001,L4
1701,2563.76337076,5092.0830543,Vip
1702,2566.01337076,5065.0830543,Vip
1703,2566.46337076,5160.933054300001,Vip
1704,2567.36337076,5394.033054300001,L5 IT
1705,2567.81337076,4822.533054300001,L6 PT
1706,2570.51337076,5839.983054300001,Pvalb
1707,2569.16337076,5288.283054300001,L5 PT
1708,2566.01337076,5211.3330543,Lamp5
1709,2568.26337076,6112.233054300001,L4
1710,2570.06337076,6155.8830543,L2/3 IT
1711,2567.36337076,5439.483054300001,Sst
1712,2570.96337076,4795.0830543,L6 PT
1713,2572.31337076,5526.783054300001,Pvalb
1714,2571.41337076,6136.533054300001,Sst
1715,2572.76337076,5041.233054300001,L6 IT
1716,2574.56337076,5689.683054300001,L4
1717,2566.91337076,5928.183054300001,Sst
1718,2575.01337076,5740.533054300001,L4
1719,2572.76337076,5886.3330543,L4
1720,2567.81337076,5928.183054300001,Sst
1721,2576.81337076,4778.433054300001,L6 IT
1722,2575.46337076,5238.783054300001,L5 PT
1723,2575.91337076,5469.183054300001,Pvalb
1724,2573.21337076,4991.283054300001,Sst
1725,2575.91337076,5487.6330543,L5 IT
1726,2578.61337076,6267.483054300001,L2/3 IT
1727,2575.91337076,5273.8830543,Sst
1728,2579.06337076,4837.3830543,Vip
1729,2581.76337076,4869.783054300001,L6 IT
1730,2578.61337076,4904.433054300001,L6 IT
1731,2581.76337076,5092.0830543,Sst
1732,2577.71337076,5659.0830543,Sst
1733,2581.31337076,5953.8330543,L4
1734,2578.61337076,6305.733054300001,Sst
1735,2584.91337076,5362.983054300001,L5 IT
1736,2583.56337076,6233.283054300001,Sst
1737,2584.46337076,5340.483054300001,L5 IT
1738,2580.86337076,5441.733054300001,Pvalb
1739,2584.46337076,5580.783054300001,Pvalb
1740,2584.91337076,4767.183054300001,L6 IT
1741,2584.91337076,5017.8330543,Pvalb
1742,2586.26337076,5978.5830543,L4
1743,2587.16337076,6079.8330543,L2/3 IT
1744,2587.61337076,6123.483054300001,L2/3 IT
1745,2588.06337076,5509.683054300001,Pvalb
1746,2587.61337076,5551.533054300001,L5 IT
1747,2589.41337076,5718.483054300001,Sst
1748,2588.06337076,5908.8330543,L4
1749,2591.21337076,4926.933054300001,L6 IT
1750,2586.71337076,5273.8830543,L5 PT
1751,2590.76337076,5677.983054300001,Pvalb
1752,2595.26337076,6296.283054300001,L2/3 IT
1753,2587.16337076,6320.1330543,Lamp5
1754,2591.66337076,4815.783054300001,L6 PT
1755,2588.51337076,5706.3330543,Vip
1756,2593.46337076,4799.5830543,L6 PT
1757,2594.36337076,4958.433054300001,Sst
1758,2593.46337076,4878.3330543,Vip
1759,2594.36337076,5428.233054300001,Pvalb
1760,2593.91337076,6206.283054300001,L2/3 IT
1761,2597.51337076,5518.683054300001,L4
1762,2596.16337076,5378.283054300001,L5 IT
1763,2597.96337076,5835.033054300001,L4
1764,2596.16337076,5655.033054300001,Sst
1765,2598.86337076,6168.033054300001,L4
1766,2601.56337076,5071.3830543,Sst
1767,2602.01337076,5277.933054300001,Sst
1768,2598.86337076,5466.483054300001,L5 IT
1769,2602.01337076,5160.483054300001,Sst
1770,2596.16337076,5643.3330543,L4
1771,2600.66337076,5940.783054300001,L2/3 IT
1772,2601.11337076,6026.283054300001,Sst
1773,2598.86337076,5615.433054300001,Lamp5
1774,2601.56337076,5873.733054300001,L4
1775,2602.01337076,6107.733054300001,Sst
1776,2603.36337076,5797.233054300001,Sst
1777,2611.91337076,6253.533054300001,L2/3 IT
1778,2604.71337076,5194.233054300001,L5 IT
1779,2604.71337076,5559.183054300001,Pvalb
1780,2608.31337076,5738.733054300001,Vip
1781,2608.76337076,5925.033054300001,L4
1782,2606.51337076,5995.233054300001,Vip
1783,2607.41337076,4780.683054300001,L6 IT
1784,2610.11337076,5772.933054300001,Lamp5
1785,2609.66337076,5981.283054300001,L2/3 IT
1786,2620.46337076,4863.933054300001,L6 IT
1787,2603.81337076,5275.233054300001,Lamp5
1788,2612.81337076,5370.6330543,L5 PT
1789,2612.36337076,5410.683054300001,Lamp5
1790,2608.31337076,5821.983054300001,Lamp5
1791,2612.36337076,4904.433054300001,L6 IT
1792,2614.61337076,5457.033054300001,Sst
1793,2615.96337076,6087.033054300001,Vip
1794,2614.16337076,6204.483054300001,Sst
1795,2611.91337076,5343.183054300001,L5 IT
1796,2614.16337076,6281.8830543,Sst
1797,2620.91337076,4823.433054300001,L6 IT
1798,2618.66337076,5011.533054300001,Sst
1799,2620.01337076,6186.483054300001,L2/3 IT
1800,2623.16337076,5233.3830543,L5 PT
1801,2622.71337076,5106.483054300001,L5 PT
1802,2617.31337076,5823.783054300001,Lamp5
1803,2623.16337076,5542.0830543,L4
1804,2621.81337076,4962.933054300001,Sst
1805,2625.86337076,5130.783054300001,Sst
1806,2621.81337076,5211.3330543,L5 PT
1807,2625.41337076,5382.3330543,Sst
1808,2621.81337076,5640.183054300001,Pvalb
1809,2624.06337076,6149.1330543,L2/3 IT
1810,2626.76337076,5951.5830543,Pvalb
1811,2620.91337076,5343.183054300001,Lamp5
1812,2626.76337076,5903.433054300001,Vip
1813,2625.86337076,5875.0830543,Sst
1814,2624.51337076,6242.283054300001,Sst
1815,2627.21337076,5696.433054300001,L6 IT
1816,2627.66337076,5078.5830543,Pvalb
1817,2630.36337076,5291.433054300001,L5 PT
1818,2626.31337076,6061.3830543,Lamp5
1819,2628.56337076,4765.3830543,L6 IT
1820,2626.31337076,4991.733054300001,Lamp5
1821,2631.71337076,5170.8330543,L5 PT
1822,2630.36337076,5317.0830543,L5 PT
1823,2629.91337076,6046.0830543,Lamp5
1824,2630.81337076,5254.983054300001,Pvalb
1825,2629.46337076,5779.233054300001,Lamp5
1826,2638.01337076,5051.5830543,Sst
1827,2636.66337076,5558.283054300001,Sst
1828,2631.71337076,4780.233054300001,Lamp5
1829,2636.21337076,5434.983054300001,L5 IT
1830,2636.21337076,5716.683054300001,Sst
1831,2639.81337076,6080.733054300001,L2/3 IT
1832,2639.81337076,5653.233054300001,Sst
1833,2636.66337076,4926.033054300001,Sst
1834,2639.36337076,5450.283054300001,Pvalb
1835,2637.56337076,5977.233054300001,Lamp5
1836,2640.71337076,4897.683054300001,Pvalb
1837,2638.01337076,5677.533054300001,L4
1838,2647.01337076,5875.983054300001,Sst
1839,2642.06337076,5487.6330543,L4
1840,2643.41337076,5393.5830543,L5 IT
1841,2643.41337076,5515.983054300001,L4
1842,2644.31337076,4935.483054300001,Sst
1843,2646.56337076,5622.183054300001,Pvalb
1844,2647.01337076,6175.233054300001,Sst
1845,2646.56337076,5635.683054300001,L6 PT
1846,2645.21337076,6230.1330543,Lamp5
1847,2652.86337076,5205.933054300001,Sst
1848,2649.26337076,5728.8330543,L4
1849,2647.91337076,5902.533054300001,Sst
1850,2654.66337076,6132.483054300001,Vip
1851,2650.61337076,5701.3830543,Pvalb
1852,2650.61337076,5371.983054300001,L5 PT
1853,2652.41337076,6038.433054300001,Sst
1854,2648.81337076,4974.6330543,Sst
1855,2655.56337076,5750.8830543,Pvalb
1856,2656.46337076,5259.483054300001,L5 IT
1857,2655.11337076,5340.033054300001,Vip
1858,2655.56337076,5466.033054300001,Sst
1859,2654.66337076,5566.3830543,Sst
1860,2656.46337076,5817.033054300001,Sst
1861,2656.91337076,5502.033054300001,Lamp5
1862,2648.81337076,5874.183054300001,Lamp5
1863,2657.36337076,4885.983054300001,Sst
1864,2656.91337076,5716.233054300001,L4
1865,2660.06337076,6162.6330543,Vip
1866,2660.06337076,4918.8330543,Vip
1867,2662.76337076,5237.433054300001,L5 PT
1868,2666.81337076,5072.733054300001,Sst
1869,2660.96337076,5110.533054300001,Vip
1870,2660.96337076,5994.783054300001,Lamp5
1871,2664.56337076,5316.183054300001,Sst
1872,2664.11337076,5936.283054300001,L2/3 IT
1873,2664.11337076,4871.1330543,Sst
1874,2664.11337076,5182.0830543,L5 IT
1875,2665.46337076,5284.233054300001,L5 IT
1876,2665.01337076,6072.6330543,L2/3 IT
1877,2669.51337076,5147.433054300001,Lamp5
1878,2669.51337076,6111.3330543,L2/3 IT
1879,2670.86337076,5379.183054300001,Lamp5
1880,2672.21337076,5654.1330543,L4
1881,2671.76337076,6029.8830543,L2/3 IT
1882,2671.76337076,4990.8330543,Lamp5
1883,2669.51337076,5481.783054300001,Sst
1884,2672.66337076,5669.433054300001,L4
1885,2673.11337076,5959.233054300001,L4
1886,2673.56337076,6201.783054300001,L2/3 IT
1887,2671.31337076,5611.3830543,Sst
1888,2672.66337076,5636.1330543,Sst
1889,2675.36337076,5418.3330543,Pvalb
1890,2678.06337076,5715.783054300001,L2/3 IT
1891,2676.71337076,5356.233054300001,Lamp5
1892,2681.21337076,5457.033054300001,L4
1893,2682.56337076,5744.5830543,L4
1894,2678.96337076,5996.5830543,Vip
1895,2682.56337076,6065.433054300001,L2/3 IT
1896,2682.11337076,5284.233054300001,L5 IT
1897,2683.46337076,5120.8830543,L5 IT
1898,2679.86337076,5537.5830543,Pvalb
1899,2685.26337076,5812.533054300001,L4
1900,2687.06337076,5211.3330543,Pvalb
1901,2684.81337076,5773.3830543,L4
1902,2687.96337076,6176.1330543,Sst
1903,2689.31337076,6089.733054300001,L2/3 IT
1904,2691.56337076,5321.5830543,L4
1905,2689.31337076,5561.8830543,Pvalb
1906,2692.01337076,5922.3330543,L2/3 IT
1907,2691.56337076,5895.3330543,L4
1908,2690.21337076,5106.483054300001,L5 IT
1909,2690.66337076,5419.683054300001,L4
1910,2688.41337076,5688.783054300001,L4
1911,2692.91337076,5081.283054300001,L5 PT
1912,2692.91337076,5134.3830543,L5 IT
1913,2692.91337076,5641.0830543,Pvalb
1914,2696.51337076,5598.3330543,Sst
1915,2694.26337076,5907.933054300001,Vip
1916,2696.51337076,5390.8830543,Sst
1917,2692.46337076,5706.3330543,L4
1918,2692.46337076,5867.8830543,L2/3 IT
1919,2697.86337076,4934.5830543,L5 PT
1920,2701.46337076,5029.533054300001,Lamp5
1921,2696.96337076,5524.983054300001,L4
1922,2699.21337076,5963.283054300001,L4
1923,2700.11337076,4799.5830543,Sst
1924,2699.21337076,4964.733054300001,Lamp5
1925,2699.21337076,4764.933054300001,Sst
1926,2697.86337076,5777.433054300001,Lamp5
1927,2701.91337076,5847.183054300001,L4
1928,2703.26337076,4898.1330543,Vip
1929,2701.91337076,5150.1330543,L5 IT
1930,2699.66337076,5556.033054300001,Pvalb
1931,2703.71337076,5951.1330543,Pvalb
1932,2705.51337076,5704.0830543,L4
1933,2701.46337076,5870.1330543,L4
1934,2706.41337076,5292.3330543,Astro
1935,2708.66337076,5683.3830543,L4
1936,2712.26337076,6088.3830543,L2/3 IT
1937,2708.21337076,6167.5830543,Vip
1938,2705.51337076,5340.933054300001,Pvalb
1939,2710.01337076,5744.1330543,Vip
1940,2710.01337076,6047.433054300001,Pvalb
1941,2709.56337076,5624.8830543,Sst
1942,2714.96337076,4828.8330543,L5 IT
1943,2710.91337076,6066.783054300001,L2/3 IT
1944,2711.36337076,5889.483054300001,L4
1945,2711.36337076,5991.183054300001,Vip
1946,2710.01337076,6006.033054300001,Vip
1947,2713.61337076,5000.733054300001,L5 PT
1948,2713.16337076,5776.0830543,Lamp5
1949,2711.81337076,5519.1330543,L4
1950,2715.86337076,6198.6330543,Lamp5
1951,2718.56337076,4934.1330543,L5 PT
1952,2713.16337076,4981.8330543,L5 IT
1953,2713.61337076,5447.1330543,L4
1954,2714.96337076,5493.483054300001,L4
1955,2714.96337076,5139.783054300001,L5 IT
1956,2719.01337076,4772.5830543,L5 IT
1957,2717.21337076,4795.0830543,L5 IT
1958,2714.06337076,5082.183054300001,Vip
1959,2718.56337076,5274.783054300001,Vip
1960,2717.66337076,5463.3330543,L4
1961,2719.46337076,5574.033054300001,L4
1962,2719.46337076,4877.433054300001,L5 NP
1963,2715.86337076,5594.733054300001,Lamp5
1964,2717.21337076,5856.183054300001,L6 IT
1965,2719.01337076,6118.0830543,Vip
1966,2720.81337076,5216.733054300001,L5 IT
1967,2720.36337076,5342.733054300001,L4
1968,2721.26337076,5399.433054300001,Sst
1969,2719.01337076,5945.283054300001,Lamp5
1970,2726.66337076,4863.483054300001,L5 PT
1971,2726.66337076,5200.983054300001,Sst
1972,2725.76337076,5242.8330543,L5 NP
1973,2726.66337076,5299.533054300001,Vip
1974,2725.31337076,5678.433054300001,Pvalb
1975,2728.01337076,6135.183054300001,L2/3 IT
1976,2723.96337076,5083.533054300001,Lamp5
1977,2728.01337076,5520.933054300001,Vip
1978,2725.31337076,5596.0830543,Vip
1979,2725.31337076,6151.8330543,L2/3 IT
1980,2724.41337076,5555.1330543,Sst
1981,2726.21337076,5742.783054300001,Vip
1982,2732.51337076,5010.6330543,Lamp5
1983,2727.11337076,5158.683054300001,Pvalb
1984,2735.21337076,5257.233054300001,L4
1985,2729.36337076,5445.783054300001,L4
1986,2734.31337076,5667.183054300001,L4
1987,2730.71337076,6010.0830543,Sst
1988,2728.91337076,6025.3830543,Lamp5
1989,2733.86337076,6071.283054300001,Vip
1990,2733.86337076,4957.533054300001,L5 NP
1991,2733.41337076,5919.6330543,Vip
1992,2733.41337076,5351.733054300001,L4
1993,2730.71337076,5623.983054300001,L6 IT
1994,2737.01337076,5964.183054300001,L2/3 IT
1995,2739.71337076,6052.8330543,L2/3 IT
1996,2738.81337076,5117.283054300001,L5 IT
1997,2735.66337076,5537.5830543,L4
1998,2736.56337076,5990.283054300001,L2/3 IT
1999,2736.11337076,6217.0830543,Lamp5
2000,2738.81337076,6163.0830543,L6 PT
2001,2740.61337076,5819.733054300001,L2/3 IT
2002,2738.81337076,5905.233054300001,L2/3 IT
2003,2740.61337076,5329.683054300001,Sst
2004,2739.71337076,5728.8330543,Vip
2005,2741.06337076,6092.433054300001,Lamp5
2006,2740.16337076,5712.183054300001,L4
2007,2742.41337076,5776.533054300001,L4
2008,2739.71337076,5293.233054300001,L4
2009,2744.66337076,4978.233054300001,L5 PT
2010,2743.31337076,4805.8830543,Pvalb
2011,2746.91337076,5458.8330543,L4
2012,2747.36337076,5863.8330543,Sst
2013,2746.46337076,4790.5830543,L5 IT
2014,2745.56337076,5953.3830543,L2/3 IT
2015,2747.36337076,6136.533054300001,Lamp5
2016,2750.96337076,5484.033054300001,L4
2017,2749.16337076,5507.433054300001,L4
2018,2753.21337076,5569.983054300001,L4
2019,2748.71337076,6019.983054300001,Lamp5
2020,2754.11337076,4763.1330543,Lamp5
2021,2749.61337076,5628.033054300001,Vip
2022,2753.21337076,5531.283054300001,L4
2023,2757.26337076,5926.8330543,L2/3 IT
2024,2752.31337076,6104.1330543,Pvalb
2025,2752.31337076,6006.483054300001,Lamp5
2026,2754.56337076,5407.0830543,L4
2027,2756.36337076,5893.0830543,L2/3 IT
2028,2756.81337076,5048.433054300001,L5 PT
2029,2756.36337076,4826.1330543,L5 PT
2030,2754.56337076,4922.433054300001,Sst
2031,2758.16337076,5713.533054300001,L2/3 IT
2032,2756.36337076,5734.233054300001,Vip
2033,2757.71337076,6147.3330543,L2/3 IT
2034,2759.96337076,4810.3830543,L5 PT
2035,2761.76337076,5105.1330543,L5 IT
2036,2763.11337076,5677.533054300001,L4
2037,2761.31337076,5844.933054300001,L2/3 IT
2038,2759.96337076,6078.933054300001,L2/3 IT
2039,2766.26337076,5794.533054300001,Sst
2040,2762.66337076,6057.783054300001,L2/3 IT
2041,2759.51337076,6123.033054300001,Vip
2042,2764.91337076,4901.733054300001,L5 PT
2043,2762.21337076,5394.483054300001,Sst
2044,2773.01337076,4877.8830543,Pvalb
2045,2763.56337076,5302.233054300001,L4
2046,2762.21337076,5194.683054300001,Lamp5
2047,2764.46337076,5646.483054300001,L4
2048,2768.06337076,4971.933054300001,Sst
2049,2767.61337076,5154.6330543,L5 IT
2050,2769.41337076,5443.0830543,L4
2051,2768.51337076,5548.8330543,L4
2052,2769.41337076,5074.533054300001,L5 IT
2053,2765.36337076,5865.6330543,Sst
2054,2773.91337076,4945.3830543,L5 IT
2055,2768.51337076,5608.683054300001,Sst
2056,2771.21337076,5827.8330543,Vip
2057,2773.46337076,5583.033054300001,L4
2058,2776.16337076,5900.283054300001,Sst
2059,2778.86337076,5353.533054300001,L4
2060,2775.71337076,5271.6330543,Vip
2061,2776.61337076,5884.0830543,L2/3 IT
2062,2779.31337076,6029.8830543,L2/3 IT
2063,2783.36337076,5664.483054300001,L2/3 IT
2064,2781.11337076,5942.1330543,L2/3 IT
2065,2777.51337076,6111.3330543,L2/3 IT
2066,2777.06337076,5010.6330543,Vip
2067,2779.76337076,5290.983054300001,L4
2068,2777.96337076,5623.983054300001,Sst
2069,2783.81337076,4813.0830543,Sst
2070,2784.71337076,4765.8330543,Lamp5
2071,2782.91337076,5220.783054300001,Pvalb
2072,2782.91337076,5245.983054300001,Pvalb
2073,2782.46337076,5539.3830543,L4
2074,2788.31337076,5736.933054300001,Pvalb
2075,2787.41337076,5777.8830543,Lamp5
2076,2786.96337076,4900.3830543,L5 IT
2077,2792.81337076,5717.5830543,L2/3 IT
2078,2787.41337076,6127.0830543,L2/3 IT
2079,2785.16337076,5835.933054300001,Sst
2080,2792.81337076,4968.783054300001,L5 IT
2081,2792.81337076,5799.933054300001,L2/3 IT
2082,2790.56337076,5883.183054300001,Vip
2083,2793.26337076,4985.8830543,Sst
2084,2792.81337076,5119.983054300001,Vip
2085,2800.91337076,5565.483054300001,L4
2086,2795.06337076,5276.1330543,L4
2087,2793.26337076,5386.8330543,Lamp5
2088,2795.51337076,5762.1330543,L2/3 IT
2089,2794.16337076,6000.183054300001,Pvalb
2090,2794.16337076,5079.033054300001,L5 IT
2091,2794.16337076,5407.983054300001,Sst
2092,2792.81337076,5475.033054300001,Vip
2093,2794.61337076,5518.233054300001,L4
2094,2795.06337076,5613.183054300001,Vip
2095,2796.41337076,4863.033054300001,L5 NP
2096,2793.26337076,5456.1330543,Sst
2097,2796.86337076,5344.533054300001,Sst
2098,2797.31337076,5648.283054300001,L4
2099,2798.21337076,5542.533054300001,Vip
2100,2800.46337076,4826.5830543,L5 IT
2101,2800.46337076,5313.033054300001,L6 IT
2102,2799.11337076,6023.5830543,Sst
2103,2801.81337076,5444.433054300001,L4
2104,2802.71337076,5822.433054300001,Sst
2105,2805.41337076,5695.983054300001,L2/3 IT
2106,2804.96337076,5782.3830543,L2/3 IT
2107,2807.66337076,4936.3830543,Pvalb
2108,2807.21337076,5682.933054300001,L2/3 IT
2109,2806.31337076,5754.033054300001,L4
2110,2806.76337076,5160.933054300001,Pvalb
2111,2812.61337076,5503.3830543,Lamp5
2112,2806.76337076,5932.683054300001,Sst
2113,2804.96337076,5604.183054300001,Lamp5
2114,2806.76337076,5851.233054300001,Sst
2115,2804.51337076,5220.3330543,Sst
2116,2813.51337076,5587.533054300001,Vip
2117,2816.66337076,5906.5830543,Vip
2118,2809.46337076,5952.483054300001,Sst
2119,2813.51337076,5868.3330543,L2/3 IT
2120,2815.76337076,4800.933054300001,L5 IT
2121,2814.86337076,5632.983054300001,L2/3 IT
2122,2817.56337076,4769.433054300001,Lamp5
2123,2816.66337076,4912.0830543,L5 IT
2124,2811.26337076,5380.0830543,Vip
2125,2813.06337076,5142.933054300001,Lamp5
2126,2819.81337076,5711.283054300001,L2/3 IT
2127,2822.06337076,5040.783054300001,Sst
2128,2815.31337076,5321.5830543,Sst
2129,2818.91337076,5241.933054300001,Lamp5
2130,2819.36337076,5473.233054300001,L4
2131,2824.76337076,5085.3330543,Sst
2132,2822.06337076,5209.0830543,Sst
2133,2821.16337076,4980.483054300001,Lamp5
2134,2820.71337076,5782.8330543,L2/3 IT
2135,2828.81337076,5668.983054300001,L2/3 IT
2136,2829.71337076,5845.3830543,Vip
2137,2823.41337076,5264.433054300001,Lamp5
2138,2827.91337076,4863.033054300001,Sst
2139,2829.26337076,4881.933054300001,Pvalb
2140,2831.06337076,5934.033054300001,Sst
2141,2831.06337076,5956.983054300001,L2/3 IT
2142,2831.06337076,4821.6330543,Sst
2143,2832.41337076,5821.983054300001,Lamp5
2144,2834.66337076,5775.6330543,Vip
2145,2831.06337076,5248.683054300001,Sst
2146,2834.66337076,5442.6330543,L4
2147,2835.56337076,5540.283054300001,L4
2148,2835.11337076,4960.233054300001,Vip
2149,2837.36337076,5064.6330543,Vip
2150,2836.01337076,5156.433054300001,Lamp5
2151,2837.36337076,5183.8830543,Sst
2152,2840.96337076,5284.233054300001,L4
2153,2840.06337076,5801.283054300001,Lamp5
2154,2839.61337076,5127.6330543,Pvalb
2155,2842.31337076,5646.933054300001,L2/3 IT
2156,2841.86337076,4993.983054300001,Vip
2157,2840.96337076,5514.6330543,L2/3 IT
2158,2844.11337076,5597.433054300001,Lamp5
2159,2849.06337076,5028.183054300001,Sst
2160,2848.16337076,5043.483054300001,L4
2161,2848.16337076,5688.783054300001,L4
2162,2846.36337076,5744.1330543,Vip
2163,2851.76337076,5369.733054300001,Lamp5
2164,2848.61337076,5113.233054300001,Sst
2165,2851.31337076,5199.6330543,Vip
2166,2852.21337076,5410.683054300001,Vip
2167,2860.31337076,5529.483054300001,L4
2168,2856.26337076,5231.1330543,Vip
2169,2849.96337076,5583.483054300001,Lamp5
2170,2855.81337076,5249.5830543,Vip
2171,2847.71337076,5406.6330543,Sst
2172,2863.91337076,5088.033054300001,L4
2173,2855.81337076,5563.683054300001,Vip
2174,2857.61337076,5104.233054300001,Vip
2175,2857.61337076,5324.733054300001,L4
2176,2858.96337076,5771.1330543,Sst
2177,2857.61337076,5014.233054300001,Vip
2178,2856.71337076,5506.0830543,L5 IT
2179,2861.21337076,5547.483054300001,L4
2180,2864.36337076,5279.733054300001,Lamp5
2181,2865.26337076,5172.6330543,Pvalb
2182,2864.36337076,5304.033054300001,L4
2183,2866.61337076,5810.283054300001,Lamp5
2184,2865.71337076,5146.0830543,Vip
2185,2867.96337076,5348.5830543,L4
2186,2866.16337076,5610.483054300001,Vip
2187,2870.66337076,5709.483054300001,Lamp5
2188,2872.01337076,5126.283054300001,Sst
2189,2872.91337076,5460.183054300001,L2/3 IT
2190,2868.86337076,5506.983054300001,Lamp5
2191,2873.36337076,5315.283054300001,L4
2192,2874.26337076,5016.483054300001,L6 IT
2193,2876.06337076,5105.1330543,Lamp5
2194,2876.51337076,5577.183054300001,L2/3 IT
2195,2880.11337076,5377.8330543,L4
2196,2881.91337076,4979.5830543,Lamp5
2197,2883.71337076,5772.933054300001,L2/3 IT
2198,2883.26337076,5287.3830543,L4
2199,2885.96337076,5123.5830543,Pvalb
2200,2887.31337076,5078.5830543,Pvalb
2201,2886.86337076,5010.6330543,Sst
2202,2890.01337076,5056.0830543,Pvalb
2203,2889.11337076,5758.533054300001,L6 IT
2204,2885.06337076,5268.483054300001,Sst
2205,2890.46337076,5035.8330543,Lamp5
2206,2890.01337076,5413.3830543,L4
2207,2890.91337076,5622.183054300001,Pvalb
2208,2895.86337076,5698.683054300001,Vip
2209,2892.26337076,5551.533054300001,L2/3 IT
2210,2894.06337076,5470.983054300001,Sncg
2211,2895.86337076,5246.8830543,L4
2212,2891.81337076,5604.6330543,Lamp5
2213,2896.76337076,5020.533054300001,L4
2214,2895.86337076,5069.5830543,Vip
2215,2898.11337076,5205.933054300001,L4
2216,2894.06337076,5442.6330543,Sst
2217,2899.46337076,5267.1330543,L4
2218,2894.51337076,5298.6330543,Pvalb
2219,2901.71337076,5166.783054300001,Sst
2220,2905.76337076,5519.5830543,L2/3 IT
2221,2903.51337076,5794.983054300001,Vip
2222,2909.36337076,5344.983054300001,L2/3 IT
2223,2907.56337076,5301.3330543,Pvalb
2224,2909.36337076,5391.783054300001,L5 IT
2225,2909.36337076,5487.6330543,L4
2226,2906.21337076,5620.3830543,Lamp5
2227,2912.06337076,5289.183054300001,Lamp5
2228,2916.11337076,5650.983054300001,Sst
2229,2913.86337076,5598.3330543,Sst
2230,2914.31337076,5370.6330543,Pvalb
2231,2914.76337076,5061.933054300001,Vip
2232,2915.21337076,5088.483054300001,L4
2233,2926.01337076,5709.933054300001,L2/3 IT
2234,2919.26337076,5764.8330543,Pvalb
2235,2927.81337076,5475.483054300001,Sncg
2236,2922.41337076,5514.183054300001,L2/3 IT
2237,2924.21337076,5429.5830543,Vip
2238,2924.66337076,5542.983054300001,L2/3 IT
2239,2921.96337076,5007.483054300001,Sst
2240,2922.41337076,5048.8830543,L4
2241,2927.36337076,5213.1330543,Sst
2242,2921.96337076,5237.8830543,Vip
2243,2926.46337076,4984.983054300001,Sst
2244,2926.91337076,5322.933054300001,L4
2245,2922.86337076,5581.233054300001,Lamp5
2246,2926.46337076,5116.3830543,L5 IT
2247,2928.26337076,5789.5830543,Vip
2248,2932.76337076,5132.1330543,Pvalb
2249,2930.51337076,5458.3830543,Vip
2250,2931.86337076,5035.3830543,Sst
2251,2933.66337076,5633.433054300001,L2/3 IT
2252,2933.66337076,5407.0830543,Pvalb
2253,2934.11337076,5771.1330543,L2/3 IT
2254,2938.61337076,5096.5830543,Sst
2255,2938.16337076,5605.0830543,L2/3 IT
2256,2929.61337076,5129.433054300001,Lamp5
2257,2936.36337076,5202.783054300001,L4
2258,2939.51337076,4975.0830543,Sst
2259,2951.66337076,5160.483054300001,Sst
2260,2943.11337076,5240.5830543,L4
2261,2941.31337076,5256.783054300001,Sst
2262,2945.36337076,5338.233054300001,Vip
2263,2942.66337076,5741.433054300001,L2/3 IT
2264,2945.81337076,5421.483054300001,Pvalb
2265,2943.11337076,5381.433054300001,L2/3 IT
2266,2953.91337076,5492.1330543,Vip
2267,2950.76337076,5074.533054300001,L4
2268,2952.56337076,5308.533054300001,L4
2269,2953.46337076,5542.533054300001,L2/3 IT
2270,2953.01337076,5767.983054300001,L2/3 IT
2271,2954.81337076,5644.233054300001,L2/3 IT
2272,2955.71337076,5682.483054300001,L2/3 IT
2273,2954.36337076,4981.8330543,Vip
2274,2954.81337076,5054.283054300001,Vip
2275,2953.46337076,5263.0830543,Sst
2276,2950.31337076,5155.533054300001,Lamp5
2277,2952.11337076,5158.233054300001,Sst
2278,2953.91337076,5513.283054300001,Sst
2279,2957.06337076,5667.6330543,Sst
2280,2958.86337076,5021.8830543,Lamp5
2281,2957.06337076,5034.483054300001,Vip
2282,2962.46337076,5564.1330543,Vip
2283,2953.91337076,5160.933054300001,Lamp5
2284,2966.06337076,5590.233054300001,L2/3 IT
2285,2966.96337076,5258.5830543,L4
2286,2966.51337076,5625.783054300001,Vip
2287,2968.76337076,5289.6330543,L2/3 IT
2288,2969.21337076,5116.3830543,L4
2289,2970.11337076,5208.183054300001,L2/3 IT
2290,2975.06337076,5231.5830543,L2/3 IT
2291,2970.56337076,5791.8330543,L2/3 IT
2292,2970.56337076,5416.533054300001,L2/3 IT
2293,2972.81337076,5070.933054300001,L4
2294,2971.91337076,5141.1330543,L2/3 IT
2295,2974.16337076,5448.033054300001,L4
2296,2973.71337076,5002.533054300001,L5 IT
2297,2973.26337076,5189.283054300001,L5 IT
2298,2977.31337076,5469.183054300001,L2/3 IT
2299,2971.91337076,5430.933054300001,L2/3 IT
2300,2975.96337076,5179.8330543,Lamp5
2301,2977.31337076,5766.6330543,Lamp5
2302,2979.56337076,5330.5830543,L2/3 IT
2303,2978.66337076,5368.8330543,Lamp5
2304,2979.11337076,5096.1330543,L4
2305,2980.46337076,5526.783054300001,Sst
2306,2979.11337076,5612.283054300001,Sst
2307,2981.36337076,5707.233054300001,L2/3 IT
2308,2983.16337076,5641.983054300001,L2/3 IT
2309,2981.81337076,5666.733054300001,L2/3 IT
2310,2988.11337076,5352.6330543,Sst
2311,2987.21337076,5263.533054300001,Pvalb
2312,2986.76337076,5624.8830543,Sst
2313,2997.11337076,5560.983054300001,L2/3 IT
2314,2988.11337076,5136.6330543,Sst
2315,2990.36337076,5296.8330543,L2/3 IT
2316,2993.06337076,5178.933054300001,Sst
2317,2989.91337076,5576.283054300001,Vip
2318,2994.41337076,5726.1330543,L2/3 IT
2319,2998.01337076,5052.483054300001,Vip
2320,2996.66337076,4989.483054300001,Sst
2321,2998.01337076,5088.033054300001,Vip
2322,2997.56337076,5075.8830543,Vip
2323,2994.86337076,5509.233054300001,L2/3 IT
2324,2996.21337076,5371.533054300001,Sst
2325,3001.16337076,5700.033054300001,L2/3 IT
2326,3000.26337076,5201.8830543,L6 IT
2327,3005.66337076,5162.733054300001,L2/3 IT
2328,3001.16337076,5251.8330543,Astro
2329,3005.21337076,5453.433054300001,L2/3 IT
2330,3003.86337076,5534.8830543,Sst
2331,3003.86337076,5578.533054300001,Lamp5
2332,3015.11337076,5670.783054300001,Lamp5
2333,3009.71337076,5314.8330543,L2/3 IT
2334,3009.26337076,5426.8830543,L2/3 IT
2335,3015.11337076,5054.733054300001,Vip
2336,3011.96337076,5104.233054300001,Lamp5
2337,3010.16337076,5278.8330543,Lamp5
2338,3009.71337076,5408.433054300001,Sst
2339,3018.71337076,5228.8830543,L4
2340,3019.61337076,5466.933054300001,L2/3 IT
2341,3018.26337076,5722.0830543,L2/3 IT
2342,3022.31337076,5081.733054300001,Sst
2343,3013.31337076,5669.433054300001,Sst
2344,3015.11337076,5671.233054300001,Sst
2345,3024.11337076,5123.1330543,Vip
2346,3019.16337076,5409.3330543,L6 IT
2347,3028.61337076,5529.033054300001,L2/3 IT
2348,3016.91337076,5673.033054300001,Lamp5
2349,3024.56337076,5344.983054300001,Vip
2350,3028.16337076,5598.3330543,Lamp5
2351,3030.86337076,5173.0830543,Lamp5
2352,3039.41337076,5432.283054300001,L2/3 IT
2353,3035.36337076,5556.033054300001,L2/3 IT
2354,3032.66337076,5458.8330543,L2/3 IT
2355,3035.81337076,5324.283054300001,L2/3 IT
2356,3039.41337076,5240.1330543,L2/3 IT
2357,3043.46337076,5017.3830543,L2/3 IT
2358,3043.01337076,5274.783054300001,L2/3 IT
2359,3046.16337076,5214.933054300001,L6 IT
2360,3043.46337076,5382.783054300001,Sst
2361,3045.71337076,4989.033054300001,Lamp5
2362,3047.06337076,5572.233054300001,Sst
2363,3047.96337076,5054.283054300001,Vip
2364,3051.11337076,5341.3830543,L2/3 IT
2365,3050.66337076,5294.1330543,L2/3 IT
2366,3051.11337076,5358.483054300001,Vip
2367,3052.46337076,5471.8830543,Sst
2368,3056.06337076,5498.8830543,Vip
2369,3058.31337076,5403.933054300001,Lamp5
2370,3061.46337076,5556.483054300001,L2/3 IT
2371,3062.36337076,5200.533054300001,Lamp5
2372,3071.81337076,5277.033054300001,L2/3 IT
2373,3075.86337076,5376.933054300001,Sst
2374,3076.76337076,5430.483054300001,L2/3 IT
2375,3083.96337076,5505.183054300001,L2/3 IT
2376,3087.56337076,5297.733054300001,Vip
2377,3093.41337076,5464.683054300001,Vip
2378,3093.86337076,5421.033054300001,Vip
2379,3095.66337076,5223.033054300001,Sst
2380,3097.46337076,5192.8830543,L2/3 IT
2381,3098.81337076,5247.783054300001,L2/3 IT
2382,3102.41337076,5329.233054300001,L2/3 IT
2383,3101.06337076,5256.3330543,L2/3 IT
2384,3106.01337076,5301.783054300001,L2/3 IT
2385,3112.31337076,5448.933054300001,L2/3 IT
2386,3115.01337076,5283.783054300001,L2/3 IT
2387,3119.06337076,5200.0830543,Sst
2388,3118.61337076,5260.8330543,L2/3 IT
2389,3128.51337076,5245.983054300001,L2/3 IT
2390,3126.71337076,5329.233054300001,L6 IT
2391,3135.71337076,5220.783054300001,Sst
2392,3133.91337076,5344.983054300001,Lamp5
2393,3145.16337076,5240.5830543,Sst
2394,3144.26337076,5201.433054300001,L2/3 IT
2395,3154.61337076,5331.033054300001,Sst
2396,3165.41337076,5190.183054300001,Sst
2397,3189.71337076,5292.783054300001,Lamp5
2398,3196.91337076,5196.933054300001,Lamp5
