,L4,Vip,Lamp5,L5 NP,Sst,L5 IT,Oligo,L6 PT,L6 IT,Sncg,Pvalb,L2/3 IT,Astro,L5 PT,L6b,Endo,Peri,Meis2,Macrophage,CR,VLMC,SMC
0,3.5088041381877373,5.0422016007181085,5.10274800830183,4.27512655998094,5.700690199107703,0.0007227976363171074,1.001595883482267,0.0006557018110067148,1.002280286267562,0.0007850007219598609,1.5065516871632882,0.0011925977026909784,7.360426346510181,0.0006173920814660505,0.0004428713465820522,1.6178540175468399,4.391358697830583e-05,0.0001467127370773369,1.6259154287986917,1.7450707431976298e-05,1.7870927292732688,2.7612696831893118
1,0.00020755446912534836,16.126503755673102,31.75894705462929,8.030307282602678e-05,31.79917416698492,0.0001612042245963119,0.0001644509308462716,0.00014315352701821382,0.00036575056203314027,1.207833991588788,0.0005091521623807882,0.00018090515868407486,0.0006609556553556217,0.0001474093536075749,0.00010220576761493794,0.0002226100444495671,0.013094131824743727,4.535323044052575e-05,0.00018519480106249375,7.369165501813768e-06,1.652799534068663,0.00024271488791782758
2,0.0023310331763246595,3.8463598834499653,2.683899448093477,0.0007796194427633907,3.3724594365964755,0.08215010090699959,0.17928473742350093,1.0864273952008108,8.013144918749099,1.0017604025037792,6.069933741797643,1.5730295347952525,1.3060606754480233,0.0012286712504361308,2.0069148263121477,0.5245028152815223,0.01242850406231355,0.0003653297117978127,0.44643582170706964,0.00016982975751034246,0.0791892897273705,0.4244704332994047
3,0.0017307366576089223,8.527748116900524,0.14048270071578545,0.00045743644086826407,0.6063128631132969,0.0011356259115355982,0.7293007500101751,1.4995871388338364,10.762596341356868,1.929295652931506,8.241429604527308,0.001520165780951821,4.153074691923408,0.0011929217186530394,0.4147486723394431,0.4837934346789723,0.07122251351063369,0.00021296871872777956,0.26150539953081875,0.00012014092197887294,0.32662427164381036,0.18355550898706952
4,0.00122918640169134,7.507202865535924,0.0013209619045911891,0.2935948176808605,15.486259325773373,0.0005578536040382609,0.2831787272530448,0.00031566777157399084,22.140285606694018,0.9990384455294876,9.222319522487691,24.94361435662498,0.7226388283459722,2.999198165490761,2.4732506776497347,1.368489601552163,0.2827745950152405,0.1675083751451183,0.11769756326408398,1.946235333605273e-05,0.741851741924286,0.9530302354068354
5,0.0011732079898272296,0.4321055435233017,2.4628829696116075,0.00022637355800481096,0.5821680002100471,1.0001119943955734,0.22633676381010304,0.0005630279410375749,3.110521277513495,1.2827179852547332,0.0022896933018055066,4.06785269507655,2.337445038807205,0.0007319997581050064,0.000628037527010239,0.31184456973848285,5.6322535982644695e-05,6.083094104525344e-05,0.15466278323071947,1.7956798418457538,0.6424955683935121,0.31946657692451197
6,2.3924673048437453,21.46764761194178,25.692333974401368,0.00010661042405590848,24.222730097885048,0.0002018159883190318,0.0002209301638131933,0.00020159312401446527,0.0004213589277737295,0.4441843446459539,0.0006005632913114178,0.669842019036994,0.0002535131247718425,0.00019352075108436395,0.00011582827702172338,0.3154755928815902,0.014675591030709256,3.380080423198706e-05,0.2011330192449634,1.317967101499562e-05,0.9280911343678504,0.4732479029610914
7,7.011942683309498,15.41650194677412,5.60503753838036,3.647760918424307,3.7544525934467696,0.1853075098169461,0.7404716956298696,0.00026717938981346556,1.440560282530053,18.607032802004277,0.0003351805456437429,18.445346468347417,0.6510749756601495,0.7053948116427653,0.0002553988800659823,1.1752233261194007,0.004116599837658441,0.6815712756513861,1.333323635860637,1.141330420750819e-05,1.1666120275352334,0.6029676027383175
8,0.7943506543743335,3.0303866246804523,5.9331541442805165,0.00035939489920266965,2.3753721889382566,0.0005197806725831811,0.05746516482147079,0.487761882205751,9.718180217121994,0.46390569299193407,4.647393133290963,16.69451553970704,0.7021021580669853,0.0005628751844966029,2.7778240928709197,1.3399438432339217,4.8904646632763615e-05,0.13371215184649543,0.6779703381771185,5.150442939338973e-05,1.2247554705561985,0.9771443680229339
9,0.0008076391247695547,41.27697232321721,1.1944772455145825,0.7209592371839642,4.00021705975005,0.0006568721001538602,0.003152786095750315,0.5243756207912535,0.9982094808660924,2.712469807007741,0.0010306577363228264,11.62422266177319,0.000377343355506099,2.0002065904480735,0.0009626145224022054,0.0002716853270072761,0.013077111728250657,6.060945803199047e-05,0.913925067803369,1.1115926596971804e-05,0.11364338514890449,0.32017217179296154
10,0.00015867305054539926,23.734107889808406,38.863112910023354,7.043457970912215e-05,20.275254734354554,0.0001263005339060541,0.05081492732524673,0.00011156863903755143,0.00022665564964396978,0.7774438529203849,0.9993636789413414,0.00013365800263231975,2.6078765453573816,9.68057283408097e-05,8.652919869250875e-05,0.3592460729788911,0.00819741944238217,3.5756314655799315e-05,0.1066618293691981,1.0049612725993029e-05,1.4967862902982887,0.0001836878834780009
11,7.897013972229324,5.45717759323671,7.83522098540031,2.749640092872383,6.67044380802195,1.99985819399439,0.5055812644425774,0.00033792761670814464,7.493799744593811,2.0023168014343655,23.424990821478836,17.421264885969066,1.7285661670425085,0.81177192871924,0.00023331695391548557,0.5746396073444373,0.00034759891991598124,1.0552824754463188,0.7960549534365491,1.1915244954252557e-05,0.9159574066036953,0.5765411909891895
12,0.0015724981266904692,3.701602169172524,0.0010851675086375745,1.4726554946798487,5.460692685375822,0.0009194740084197406,0.20544702066510467,0.0002741280251309375,11.75202569319482,0.4677660842878648,4.531925720571421,20.040421263781028,2.0866391425901636,0.00022187917843263794,0.00025126293347743633,0.5024904727992379,1.8456591305948677e-05,5.8218992066372266e-05,0.1777573039374971,8.29955995840237e-06,1.12046840189487,0.22716234140935399
13,0.00039452138950846205,8.146657576854846,13.285467410149764,1.957673838684398,5.633638717630028,0.00018754533345877178,0.531835038689886,0.00012425144282124378,13.691895613261655,0.3964965512240086,4.993458434789758,22.136217142016136,1.0309886088065632,0.000222651783234884,0.00011211677605837966,0.41708961910440223,3.796553204438169e-05,8.42785037775684e-05,1.5434619959754343,5.418358412612179e-06,0.37344360509927554,2.4485046932622154
14,0.0011181010968543403,3.2495742016407876,3.001228871255427,0.0003997818084302551,1.1917364763660405,0.23530166656254403,2.02168788438302,0.0005255702877049462,2.698574534943854,0.0008972014318031629,1.3131508562351375,3.0866494065948236,3.549207919956501,0.0006043169691214434,0.0011484873464309153,0.6194244811911034,0.00012357255059214367,1.8125900940135296,0.5567315509012332,4.075982269569067e-05,0.00043363244962524305,0.2736701157448067
15,23.942798975742782,8.896628041897443,9.113107590184066,3.9764089955711412,11.977570085398272,2.5544500449864476,0.031781454346464955,0.0002913174686374198,13.344556863010489,1.7029103854033383,2.635540180322895,1.0004323008756622,1.6709694154664625,0.5084773021636622,0.00021851524021809787,1.6890566641648448,0.07673903879086197,1.3279683994239235,0.759584881303077,9.70584406445596e-06,0.8771041068699272,1.2447239362785254
16,13.244388252226926,7.945442796596074,2.5091362438262625,0.0003310760004380242,12.699121768316502,3.7538385575703805,1.3994043639490954,0.00011987833958670979,7.060293378557109,0.06456802979023712,5.759858631106304,15.924001189668925,3.572007824042668,1.378020267743745,0.0001058253592383096,0.2877692718700615,0.03056367474084709,0.00018734736785575024,0.882357475677896,4.814401840746996e-06,0.8447802501598183,0.6781534777507829
17,1.548704296812172,8.100689735096505,1.0004010785846102,0.0008882282251931883,8.713653255110032,0.0003539952359306042,1.4712706912010738,0.7808082652790529,3.7275281620890883,3.633578357281002,8.455789374504583,21.06567599101123,1.2561337990429822,0.00029377224205062724,1.2690511138881837,1.3178769339632126,0.1388438450504168,5.419402162232245e-05,0.7795646968076397,1.7417245331330378e-05,0.41978658851038375,0.93460295586992
18,4.25570067044517,8.454791519224372,4.5540380334618815,1.5964562313371364,9.917147170549615,0.0003462371818607757,0.0004058099893677891,0.00015783329844598626,12.187710675103878,0.6392946424918944,10.710072003679961,13.60577688164298,1.456396312860793,0.00020307287090903792,1.2611130370098205,0.5450692137223854,0.09086111846875156,4.3487108776218975e-05,0.7160662536933131,6.731633845902252e-06,0.6082621843649108,0.36793458944735846
19,7.213806864456753,2.832536420903948,8.261407717927627,0.0006419796522605381,4.72980568096504,0.0014870029128242201,1.9391092301147168,0.000573060076048737,4.982858200212445,0.0010959432874790842,0.0020282865854585053,6.190181800890893,2.5199043150607743,2.000124862821264,0.0006455836759298172,0.888188694127038,0.007340057404235267,6.253935854516612e-05,1.8886728124833851,1.968304827926204e-05,0.1740085343607234,0.5632795913660473
20,17.204617585573317,10.080849184690816,6.955771711604661,3.2793017977382775,5.9234732064791915,14.964522812501947,1.0562989697141703,0.0002506771611210379,6.676644101938573,0.00026007394188010124,5.193226964609282,1.4309847401006335,4.540752734821549,2.5918289592788892,0.00034875033832459934,1.9973097657523553,1.4896458068847096e-05,0.219878600414809,2.17870833684767,8.348544099590072e-06,0.26119481557465285,0.42075005581374114
21,25.992242540922348,14.94986035568482,3.478413350736703,1.3940621938710525,7.410082234203067,3.6239045724367864,0.5434259378249706,0.2190556735696374,4.429279314516429,0.0001330932401568674,6.759261042909643,0.0008473217428532909,4.951150163353141,0.0002450949496513588,0.0025600397367555594,2.6179538264152598,0.05446252520187045,1.4874331667871061,0.6116108361517831,8.818169249025232e-06,1.6103276501001211,0.5970858118447921
22,8.099313590399246,17.36414439059888,7.965467268036867,0.449914285186356,10.32489044764603,0.19553171815579296,2.7561950405008417,0.0008162629957100265,15.21353681561138,0.7041088748110802,8.420681188686956,13.607941179542294,3.445961612125309,8.585044135492511,0.000396596123856785,0.26103451156423496,0.028748575281724698,0.1329115306272115,1.6072421614868162,4.217615341417513e-05,0.47275960852500276,0.6677778990332115
23,6.938826104055083,4.161486960002054,6.211234370725929,1.0000881381882853,7.826577583897313,1.4200743699030742,2.211035307220614,0.00019399581296974944,11.603910915581434,2.038055314378269,3.3784857126447982,16.823436181246585,2.1280390287480753,1.299107850358972,0.06912428348098765,1.4331853625539637,0.10289965166410298,3.903374091862588e-05,0.48875923741277205,9.418536720318116e-06,0.21801308865443048,0.47516892913458975
24,4.917652308843264,6.3896223382006205,21.047487634166902,0.00013359442291660528,1.845245844153338,1.9983078087188537,3.587010523477961,0.00011723244254535636,11.844953112020141,0.15640550862297165,3.2501748713014567,14.760754833991165,0.00021369283233330094,1.4816492293593537,0.00015376668225253187,0.6683820451186548,0.006670605467661517,4.8967908540475946e-05,0.2987419334928063,0.05708401051799683,0.18137510993079076,1.0027058695232114
25,0.0006096525408774145,4.789323984538022,4.232600324592591,0.0002818035688463283,5.048086746266947,0.0005161441827570279,0.27927685541680525,0.0003213118135618753,0.0010373595560246862,0.00032364611079138683,0.001946606420465069,0.0005786900446196341,4.729661655795251,0.0003576594722134452,0.0006557467574856979,1.2372286397388415,3.530681092911436e-05,0.00010185293119491234,1.153595340086433,2.151162663466266e-05,0.5281125719813389,3.9901362957381963
26,16.211817846879892,14.291533505815325,10.288108644526536,2.8575447975024204,20.737492694150934,2.0014439887522153,0.0006153018154542167,0.0008857076210215808,4.819154578659756,8.407318424438913,42.65241398208326,0.0009297938297292418,2.253731693924987,0.0008022216523642101,0.0006432251030386027,1.585091322187239,0.08946216563634835,0.5408368547764439,1.7914323970610724,0.0001241763051638145,0.9673101142630003,0.2991523901762463
27,12.055224391305018,17.262615002901995,9.580300216239078,0.7028351508576627,14.796325647171624,0.8122637469719045,0.5014451041934294,2.4240618399840432,15.344820358918273,0.6838832164688764,17.33922612919506,1.0031200741380584,2.547406480387089,4.794521474072062,0.0008520052628149255,0.6112389644966001,0.8586343510142456,0.44831527819107464,1.4317575364621433,2.0867542247060555e-05,0.5557449372416201,0.13621727448212084
28,11.064540617284404,11.282881340613667,7.383029056561477,0.00010642249762593536,3.7864276228279587,6.802443976281065,1.1060436151552597,0.00021548751291744495,4.427272815286358,0.0001235472354825795,3.3871981112602216,11.166512046279053,5.456046169723791,3.3685986329718953,0.0001863021457972902,0.9060470971140617,0.0002169806004133079,3.825370724541699e-05,3.4144333803055034,4.451445448694358e-06,1.198138561704532,0.6622117440156785
29,4.7130220805234355,7.5624321840462105,7.319795675738269,1.9260478795770481,3.2443514450453925,0.6327421221342613,1.1745763483174798,0.0007019819807201344,9.28900989061086,0.7729146293741369,10.102163406761981,32.257381510715355,2.6971668863026768,3.239444500693268,0.00029738906087128925,2.187814792206794,0.2682887867917998,0.4879301402773777,0.7818345639323709,2.4419816014642493e-05,0.31967150691635027,1.7466318598240491
30,5.008060294692213,12.657398054544338,4.94884342662931,0.0001404656248276126,9.383880191095553,0.5654810732998241,0.6673151782961702,0.00026482504429448106,6.78756016808914,0.00024566548528071053,11.21454107839814,8.06657587406987,2.357306494113593,1.0002947777911464,0.0002809230589713163,0.8546585991041411,1.7770967417618522e-05,5.219744294748807e-05,0.00022873508930132402,6.033568396901501e-06,2.4581151905876055,3.391556335233986
31,3.999450480196674,7.991009295251187,3.718408341488065,0.2154880602010376,8.621457016041795,0.009446651843707077,0.000712601408487501,1.0002388022899535,3.2578413134542954,1.5571714996572386,8.527723648667324,0.004271968821591643,6.542815507820322,0.0005552836308284625,0.00032217320121086246,1.8864206131956998,0.01137670092089138,0.00019661695036177207,1.1228793952186855,1.7107335509081167e-05,0.23449940501509836,0.21067465870837054
32,0.0010431108734785255,12.696213448202592,11.770717110150493,3.765905070975833,7.439560840613554,0.0008904551505730662,1.1548878592331775,7.785372933620566,0.001220291483772229,2.6073666011002175,19.27846040165292,0.4973253029419822,0.6048227226037284,41.194135606843034,1.999197466786883,1.6492930460643649,0.16589772989971152,0.5275542212562812,0.840035661363693,1.681166662592659e-05,0.6348081232146718,3.0629796998393104
33,9.07916576701529,10.416985689275759,5.892137050969701,1.9478997261529258,9.872268006020168,19.459475026098314,1.9687037824460258,0.12437263380227392,2.9977482545889296,0.0013996851015356526,14.07455382029156,1.2416737590727682,1.1450208611071293,3.849383814325172,6.098028038202828,1.622118374622083,0.6426204788911036,0.00018405853889191803,0.31353013054945933,8.139853107991257e-06,0.23379807971114985,0.5409350922840872
34,16.885500823094148,23.42625765310064,18.218953527610317,1.1062602443414313,19.263398151018,3.232187784422063,1.6103717794584114,1.4474218460879316,2.008406403628061,1.000087288555477,10.696333068623948,0.000835461203079646,4.116833818682853,0.0003791563197301784,0.0005332953320231759,1.0625784050502247,0.008286374324541157,0.00010254539108700556,0.00016308363974104623,1.3391717132549275e-05,0.8675808792448478,0.16888400588852193
35,25.057381205327548,6.6807855324618055,0.9386931482531194,0.7476995680911305,4.404434404759387,1.000197849899348,0.0002547277493185618,0.15112931373253402,0.0005351659561405597,3.7131575473265954,8.655651932711834,7.721471839793867,4.902811117385351,0.000398511710657079,9.99966271559849e-05,0.8931348422312553,8.4559887739033e-05,5.466925546215862e-05,0.6991516844609507,7.061730329382954e-06,0.8067347332514121,0.5087313799996238
36,11.009923712411439,6.240734139980155,6.208881500878155,0.00012128367915753557,3.7867141162314035,3.067297780229322,0.6480949630622597,0.00015843810094939847,3.5567580079780243,0.8046624759378451,11.144276682929592,23.30668206791307,2.5119409139675497,1.90863147206727,0.0002784231723921282,0.9001381410302187,0.03430451474766372,0.03936042609579715,0.8203297203790285,3.3839256033729725e-05,0.12988363683959392,1.7941763679352647
37,0.0010361899273019226,10.100128406541526,2.052643396513449,0.0003097730124039799,8.079467983727914,0.0004585785125819086,0.6964178559390675,0.0002872555334960669,8.824514710186534,1.000097113857084,6.410889695111189,14.858670052030472,1.7505784755087568,2.872389641804773,0.00021883887053864015,0.5476744649497007,0.006187097677013753,0.0001555498435550362,0.28993282059011705,1.0481695653652423e-05,0.213692876654914,0.4487444404252159
38,0.0003437378814883374,14.421751527606133,28.737500811044026,0.00014988245302305359,22.865412038152634,0.00024347009312597478,0.0003236283095038317,0.00026940331574809573,0.00048256815975800116,1.0357947431071257,0.0009072718303568816,0.00026449518753435264,0.00035573060875826457,0.00020826299581644392,0.00015987333379929858,0.09097810459784483,0.011492393000921197,0.00013145165019068372,0.0001960719089737495,5.142082208919874e-06,1.4798050702825094,0.3564126545499988
39,3.000069195929174,5.886285612501112,23.595249055490743,3.998617661091992,3.303302580758255,4.645247164703623,0.5763891759169368,0.00022915480500551588,1.0038895715260328,3.9984421178222,4.557273213706624,0.001913958175849606,1.9913252028045605,0.9997594045682274,3.337981445473579,1.6867458383715501,0.5390417510293446,0.17910786774207565,1.1367767849623078,7.173431903595429e-06,1.2716019208072673,0.06329192804181716
40,0.995785937873622,15.032073927410007,5.625499973591318,0.7924309343129199,17.871610269995458,11.416605982245372,0.7828440773983623,2.287877823073283,6.4735008072087545,0.3813979969047461,7.840948015671023,1.613584946769811,1.8281862736385186,18.04513831057235,1.3988455159244992,0.8881707275073225,0.24529811992312034,6.538857348914462e-05,0.00013734179571400773,1.6107767493167557e-05,0.8986269254723211,0.7098258353844571
41,13.517520006359188,21.62571740140929,10.159485239980114,1.8570184714068425,21.443524629044987,16.108427875305757,0.9099867396264756,5.154426063890071,12.481478926665293,0.001483995460974441,16.0967200671356,2.0192972665566185,0.8098706706124421,5.090366514198983,3.1271939005181526,0.828041618626969,0.21434437343737045,0.0005927273818997492,1.7888353143288072,0.00012921217557959608,0.9124967647071855,0.287636749132389
42,11.016155003776273,15.025595993289507,5.491406500977343,0.00022164402681568163,11.089118559305366,3.811018952241893,0.3991041007997147,0.9642681820048931,10.960920643512932,0.00030330686549540076,16.048405285716395,2.0049566977890474,3.7128261626764765,4.543706642464177,0.0004395747326104704,0.6113746112504757,0.010312789204476758,8.271003935078625e-05,1.1086645318291701,2.0163682222573698e-05,0.44894238879660264,0.30663711547663297
43,24.922758298555824,8.010595408453188,8.235469194546097,2.781286121519681,9.187471924240988,0.0007501396583078357,2.000046007871905,0.0003116204169852921,0.0008320904500522808,2.227041034904933,30.403793347655547,1.7879410565001095,3.038971281799931,0.0005700886589590226,0.00019370410001462446,2.2803855790115506,4.03874664129944e-05,1.0407568788024264,0.1932948992800636,1.285599832101525e-05,0.5139293694292917,0.6529481779718651
44,0.001283125215281622,3.5209494741024563,3.699803101389278,0.00017217891739207403,1.7328859556935934,0.0008194090901674222,0.9397724770124434,0.0002856929256074281,3.003008160804846,0.00033379936653898934,7.56919057001063,25.064270588212214,3.9143178987495943,0.7860315798629403,0.0002504491623283589,0.6010004292740234,0.0051644915798192415,0.00011101247182665475,0.5602601589566305,1.721583356584233e-05,0.29841527691908,0.5115761702890183
45,4.7215763660331715,13.491987304994693,12.576469718183922,1.5215598646960649,3.898107731849363,0.0004539495207025457,0.12696786859461184,0.0003547031189765626,10.675171365216055,1.0008910991979723,9.737535965751485,9.914277172709564,4.485504801122527,2.6101285265180216,0.000306875756537206,0.5831412600033161,2.2531305376105593e-05,0.17723726411750818,1.1921644311048496,1.650000992015066e-05,0.5220683196607183,1.4848788562399022
46,1.2226650884577683,6.814341611512089,2.213207596137459,10.795577296771953,8.536089429702942,8.824802702101266,1.7537380277358068,6.585078416751372,16.700202771838963,3.955954598192635,12.623680379046462,0.0014039305924620216,0.0002015900151723926,16.48923268288352,4.079210666330006,2.4269113539682223,0.0003252289761235261,4.091675962715485,0.9952814069058178,2.2342419924825663e-05,0.9485939172721771,1.1509404660165856
47,0.0006973650034796108,1.00155258877669,5.236281439643211,0.0010238596817000456,6.058069231366247,15.814131636256153,0.8780795154829875,0.0006519392717039274,2.3982471472696902,1.0009402562203737,9.665067008631972,0.0006929550626546543,0.00040222892048014103,1.002459100836664,2.5908499034787713,1.5698102370214997,0.14472560905383602,0.2534715992335066,1.1433923581724557,2.9377885880421672e-05,0.2774904267977618,0.9071505063252943
48,1.622477687278458,7.805674512692769,1.7188381729496993,4.265761357105722,15.496764454874846,11.013702535241386,1.1176440843406183,0.0007258333175443887,21.695374894832156,0.9051842546975006,11.95702655667981,0.0005954931067329028,4.527314388193091,8.969559713913123,0.000600048751922877,0.33053043362276213,0.00598976898197634,0.7214687918030336,1.5444145602729549,2.04674480102085e-05,0.9310776448340619,0.5831957966529728
49,17.638175890648156,14.47687734976812,4.866680264301385,1.1759490260467054,12.29585960490239,3.7592426300211503,1.0211103099009478,0.002160744803298309,11.782241924359466,2.1543843245842176,21.586253145692496,1.502913987285273,2.6438106947300213,3.4031063773348347,0.0008474903573518766,1.4918097890971467,0.011677059705561987,9.31133586021815e-05,0.6333219884556982,1.1992129998361634e-05,0.47058704910840987,0.4412970950235575
50,31.393815587330664,9.997620284664105,8.593180394239772,0.0003659929333661438,15.812656916834746,2.874769950193241,0.8002862793800603,0.0006961149162201252,19.987208447969326,0.9996775391430255,14.179126146760785,0.002389194139146955,0.42045904226738884,4.740611067449679,0.00043974355364007067,0.44292393643225125,0.013927067202416765,0.00011023856940539645,0.27087379667419853,8.484936478225791e-05,0.4182526619311062,0.2930794362213618
51,3.01623907971549,7.462613012393949,7.901666403270198,0.00016699807105524656,5.494341691977871,0.0009844196748496348,0.9745148796892416,1.9996767680789735,13.55883979116404,0.00024115077497555149,2.4101509656542524,41.445964083569066,2.9117864312910804,0.0005642981649165435,0.00027510516771100946,0.6525034170606183,3.10689013076626e-05,8.624656565814348e-05,0.8240597559020273,2.125198055580313e-05,0.25730410587567576,0.7019767206033123
52,0.00027281269223178306,12.430031347949607,31.938564224631993,0.00011081671123713832,28.76359611428108,0.00018779467545271267,0.00022314161268610633,0.00020485537627124017,0.00038912856461892353,1.8433994861688259,0.0005311407245421895,0.00023865636531472667,0.17838553864956275,0.00018198623036935757,0.00012079968728651025,0.00016008142942780523,0.13706094780921774,4.003857643652964e-05,0.00015527378049284835,1.0941169421130326e-05,1.109811607469176,0.6617019528160668
53,0.0005179846494263174,17.47820287347129,5.816972830613172,1.6838263655202859,16.027143888962335,0.0006722000599213018,1.3336589305338489,2.275846533373162,17.95529178929839,4.285063930334893,9.538526535069808,0.0008896658116968048,2.741662422412123,4.364047568988263,0.5309736554069877,0.5261851845865451,0.005726214835334531,0.00030302990588637613,1.1235242520400703,1.076631261298644e-05,0.6298185949636519,0.6122834659665841
54,5.915126512380608,10.203182741168733,2.8839187187114232,8.728165659685502,8.50780984386936,3.510857620329057,0.9834339234758538,0.0008142740740813004,13.488487657101262,1.9985159014101905,0.0011342289065240374,0.0004753778359896099,0.9021424240038094,0.0002443494404122948,0.00022017359959458638,0.7393103606666518,0.0002852847596841457,6.38225612306087e-05,2.406449277011749,1.3023637329467874e-05,0.9722481275832688,1.307037674082082
55,1.000474224554054,7.194883474581807,9.265879639477873,0.0003579657968746375,2.549923559656231,0.6470631303175951,3.7597037288928874,0.0006149795512655487,0.0009339410185420505,2.7997727306641442,4.667436966586655,0.27993391101996656,3.6471670167909718,13.6610041389291,0.0004231123507665302,0.9271759432417284,0.007504621037128345,9.51879224686536e-05,1.3713363753682124,2.6400684618010928e-05,0.00014603721034944783,0.2645764500898622
56,4.973341752926466,22.383652864274328,14.114162970366214,2.489805085912778,28.468817345047906,10.541211153166074,0.2235668010283085,0.002900452955866495,11.28045607381193,0.0025346373509762543,7.761632278449959,1.0055230914179702,0.43791182636876513,12.609740932654852,0.0017816755889095148,2.2086408665455366,6.444940373739882e-05,2.071056121721,0.822582238572025,0.20816914596520064,0.661878969210278,0.4092679606831098
57,16.370659237459837,16.701912673232314,1.6877540353033254,1.1151688849801067,4.2666734452318025,3.4384044196428407,1.8086105366926972,1.8488060641892323,1.5925263358124373,0.9998963093276165,18.966583026885104,5.876360304462707,0.3276426428356771,1.9985778663580658,2.804816765484058,0.6678797148445312,0.011432178565030426,0.10499829651997317,0.8824253479674482,8.679683546120032e-06,0.2463045858821289,0.2795688152548621
58,12.711931882541148,11.74129837824207,4.285834187858394,0.0002090399219580874,8.389773826639502,1.0004660537898213,0.0026389868139595762,0.0011390231765362469,6.048043071506564,0.00017871986357054226,9.931298414668031,31.846066285551466,0.00017099449486757123,0.0004213113988891237,0.00025477173785670715,2.219697110575737,3.529243139155369e-05,5.871766825293889e-05,1.0697345722695388,2.471534207870718e-05,3.6794056473223122,1.1761421452547438
59,6.76188736077221,4.151442243677502,0.3196412150871718,0.00012745150791015902,0.00069186901801363,0.0005424775399007764,0.17594041131820148,0.0002474325498349472,0.0013824365486727608,2.2019562903794014,0.0007394396824049743,20.38227728666937,2.906504511146128,0.00018801796467604603,0.00021027563218511958,0.39150136943419156,0.007382340791068032,0.017777610936619226,0.47352535061037315,9.425314303257437e-06,0.10756621715915671,0.31250807744499554
60,0.0003522666331601254,1.9234645725468158,16.119933973159263,0.00016119327737396105,1.8186865585355931,0.00024684104913408333,1.4569497984878463,0.0003949131877276635,1.4533507003566066,7.181485533190122,0.00040882983958015484,13.300573588936764,1.6131563629810337,3.1785555793630293,0.00019312181977471088,0.7219494747240631,0.07264151646387518,4.0166796679841354e-05,2.621996480437076,0.7914977063429944,0.6627634320905731,0.4642215584245122
61,0.0004128230979572045,10.368648421164616,3.78866207719303,0.20531886488330997,35.15167992443029,1.2257687860014617,1.1545464857215286,11.666145924244967,15.294539672502713,0.00011603323113185127,0.1043370436824822,0.00021616897120035894,0.31989757276251485,0.0003238651894086342,4.670371775090487,0.7402591935583729,9.634671977210019e-05,4.0005166910772125,2.1174983113734243,6.606152254562403e-06,1.0476799254866478,1.934617078709767
62,6.9268915239476065,1.2865497903581309,0.2858721483122582,1.1651408095173057,2.9514064346015383,5.7152525331951125,0.5462319456280333,3.6613562009039495,12.798686844621322,1.8203626652707745,0.0005442850501420349,0.8383177309285001,3.12854856826576,0.626187934743093,0.5123301558761808,0.5826259814424404,0.004090759819881384,1.1466444132822886,0.20073531383841114,7.992130062461911e-05,0.7110121598553363,0.41690037595832763
63,0.6532130703471379,11.190363574793611,1.6555977477264825,3.4777655365222793,9.009570716935224,0.0006501297931649219,0.7640411586639146,0.26008629357639435,17.17449627411454,2.176682066959976,9.504078489617326,0.9985966141002167,3.2204990157234477,3.8634128441070343,3.1870570526236146,0.6384089373558197,0.19976901096214306,5.010200639787854e-05,0.41411292685422296,1.0990796710075301e-05,0.3523170766122661,0.2060721773373615
64,1.1613444813527245,3.206517460612591,5.832782411166803,2.1283138061579425,10.81662225042786,2.8836209877683983,0.6753992483480928,1.3940931983340874,4.002906677452183,1.0873246493537212,5.848398138190255,1.9971246110978524,4.291228852242281,2.300869242949079,0.29702706942661017,0.39460128086351176,0.010041971488391255,0.00010639725530836586,1.024064102121578,3.303330487369749e-05,0.22756492552675844,0.43242807362761937
65,3.58109220701235,11.661974262220689,10.788108752007698,3.9931775748748457,12.799075557431633,14.595057910356648,1.7984571052188016,2.835071850216838,1.9640132599587827,0.7264112011142196,9.063951997329685,0.5617027461663182,2.039354811520786,7.17077259320377,0.0003783669624684016,1.2254524506662605,0.002806732859198746,7.176713828016545e-05,1.935911929817479,1.7235688375194513e-05,0.4475709176646063,1.4207814189290815
66,19.295033595417657,5.636265775934354,5.343349041664774,0.09747513843853373,9.278040474067259,1.001281020357223,3.8708242205687426,0.8765174917431686,6.627986188602154,1.3499114313945437,10.786154628675632,3.1483942076671316,3.16584849002588,1.0017099221261332,2.3165274128556748,3.1771352305337928,0.005698968008630345,6.294038811205382e-05,1.1064702920209513,1.0679581976091868e-05,0.2456185081608595,0.640811723422452
67,8.34746546042097,7.518616082202769,5.796217236566444,0.00015853029781198735,7.171994577359633,2.6947783888799774,0.9478533034000982,0.00043505854385150755,7.9278166439176285,0.000249623187583925,16.668234128426135,24.519359227722866,3.4145858555227626,0.0008268296236331185,0.0002055185889698885,1.7517184684321947,0.10984500587977664,4.5908142297435006e-05,0.4283555298845485,3.4752274274296724e-05,0.8536260916948137,0.21769503391373135
68,0.7994483733632858,12.629167882483117,4.624416810131111,7.98167562874319e-05,3.164674187182088,1.6492031649023058,3.035721973026469,0.00017588353249708977,7.209968107478434,0.00030565395080461855,6.942471018838309,24.149102350294143,2.8464135309527263,1.5231500983638493,2.8466938210570443,2.380975671574575,5.749717547587352e-05,4.4621539363021157e-05,0.7034483777652341,0.24923495862132938,0.5805555772448736,1.0736095195708515
69,5.435370247417364,2.192202019606697,2.000761303164988,0.0006660395771405092,1.7736867654298107,1.0006931364057179,0.3113840452153802,0.0010360506972892924,1.0670093710342625,0.002788862515272328,2.9238836993816344,2.606438775184813,3.1429294683463027,0.0010212621617755602,0.3227179156506734,0.487140943532836,0.000196290077269623,0.04815330221603631,3.9698899582245986,2.681217290501081e-05,0.1281861212908595,0.34728114737211513
70,0.0006548788305154041,10.673580042671222,20.76573851708623,0.0007928225044415704,12.259723424564076,1.7801106693694875,2.097157865277488,7.28464256801823,13.755111982687986,0.00020744839932107517,6.907730487503034,0.015329529180666102,1.1759046745936708,1.696522048200657,1.7187985338626195,0.06990734787071773,0.14401591362792487,6.616851955953962e-05,1.9179641280028363,0.9993873283544161,0.3933272714442211,0.30741688902023867
71,0.00042763366892728527,6.234014111731821,3.812483774690647,5.887112248046016,10.887564620229947,0.0007850606640107394,1.3225026150057424,1.000572883821583,22.066629121861688,0.00026283870562693323,3.7011713673568196,0.00039293251179639554,4.276029020261902,0.0002544661389913827,3.000407203945354,1.199429415547968,7.224065501532095e-05,5.925422935604274e-05,0.4953267161509558,7.907703974296965e-06,0.8704006123182637,1.1982718136580601
72,0.0012285192332388561,15.710986968049129,13.524568868780348,0.0004779344296732546,6.930736149107855,5.853266953219472,3.945763235017594,7.752589233532137,14.615727553779688,4.273447464165622,13.92278089525523,0.0010647285115803484,2.9469138937889845,10.60422092297732,2.0003805059880087,1.3334042140845668,0.010993279522494959,9.123376329256416e-05,0.00018061074130315546,1.4612659015256213e-05,0.16766641107911795,0.3819847311504958
73,0.0002677835988487143,0.7162932091507397,3.6369263462056143,3.064100275326222,2.7033612255581394,25.073423063778968,1.705922702140235,0.0004178349559966765,4.715474243870138,1.841506899719187,10.917257731357628,0.00023688664812859805,4.118558704378337,0.0001583427487537037,0.00022346790541449835,1.1829256499419287,8.951510707788657e-06,5.783121285674042e-05,1.3279658688206482,1.062259187278869e-05,1.0143663063356918,0.24325548074517656
74,7.503674656242258,11.787411163079517,3.914870542630555,4.5071123181156345,6.210183961000539,15.948987523991903,1.3227914236857536,1.5771788965695024,1.5666493063990705,0.3121309398997507,8.755019126795673,0.0002483518054068323,3.8930397523345732,0.0005967562664617176,1.0005791203284904,1.3239530279484377,0.08685791029787993,1.5055660448028547,0.5006106027519905,9.99718312755249e-06,0.5180662060584496,0.5048099075667949
75,28.913781738271492,11.392278562244776,6.16021937168711,1.8330404040414017,11.100850350166068,1.0021591462416113,0.7680795630880297,2.4197174283672744,5.2886424555267215,0.7989308060716933,14.350982317190494,0.0009585724371432569,5.180797523376121,2.166264474384622,0.9993495653383215,0.9676497850399883,0.012392686020746169,5.9694402111176714e-05,1.4589689300001112,1.811072613122633e-05,0.6237521352215936,0.353927113263552
76,11.748506878961905,6.729861858803645,3.1113066170777994,0.00014287828744086184,11.325854559994404,0.0009319587477385483,0.4492655716936049,0.00039239210187069773,0.0012313328040625127,0.5990306989978373,52.448372463053964,9.759296410356862,3.7088905654221485,0.00038275660968367653,0.0005018873050370853,0.9401343350271887,2.999827995608939e-05,0.00010683717357551359,0.5268418279998031,1.1483784930987895e-05,0.8867419927685063,0.6391247120516823
77,4.997584340998314,15.417133984843595,5.836439521018553,0.00010022875018922406,9.262940737375994,0.00023928316342458622,0.00026990678916405386,2.938025947302614,16.059226642572064,4.020758865497046,2.6559758841904273,10.648316671777497,7.20008830684333,5.1422707613034255,0.00013617081192751623,0.43493626835602583,0.004646246392994158,4.493038240838132e-05,0.00022475414894529422,1.6601946668970413e-05,1.1532479010254235,0.8366347341936873
78,0.0016748817089178303,6.128916568454384,4.384727661889407,1.5063267666139257,7.198458005374427,0.9193712203289364,0.8538386566732434,0.0012116297432536172,2.9699653229119667,0.7136548246835277,2.5434126350028476,0.5045020777458953,5.565794118465419,1.2942578185323237,0.0012329285930521294,1.3810254128609643,0.010759524800732834,0.0001579946960248435,0.859590228757142,2.5498079708086152e-05,0.3202418957288202,0.5349327188221764
79,0.0002603211387581794,4.870808513476543,4.875842877106933,0.0005979892589857982,9.171679313707727,0.9999256314239169,4.818654227475228,20.579380796119246,20.86894268025174,0.0021706982769078564,2.9015754478723323,0.00026389726114306455,0.8445992638515349,0.9999141365589472,5.0095209982899735,2.604197301910176,0.00019218733251591402,2.681792438910122,1.8651283617827943,4.6010743915303465e-05,1.050802017007702,0.26259613956527517
80,0.00032281259170541254,9.814238507358654,5.344902247286806,4.5213923895977075,14.0036901927526,1.0000917178559237,1.9804889776246313,3.683151647575982,19.19012770995945,2.524461409129982,7.639850016859565,0.0004837674831583705,1.6494896847738847,0.00019260208931082268,8.580979257095462,0.2495480972902655,0.0031922872917391487,4.952001131641737e-05,0.9523815695910116,1.0286506523016214e-05,0.5252393222040439,0.1500013194125387
81,0.0005151541629400125,0.3631515731394008,0.1351345513983031,2.7230001515036903,0.0007217236703774277,1.0002070510054346,1.5059339671830578,0.00022357577791698446,12.445876565136572,0.8224712852178881,2.8061420093760985,0.0005528115124329158,2.6438388770893937,0.9994240359547639,0.9998181219512987,1.4344994111831042,0.005134383142745946,0.0005907242238443189,0.30863865250504574,1.4004470884287912e-05,0.08516964303288788,0.22484672098005376
82,0.00016656601689152284,12.628589435960954,12.746547211010597,8.204215414814737,39.66159349529301,0.00016927879926925682,0.16641830565275306,0.0008805291903715151,1.8414589397116918,1.2275139496250844,1.00029351266042,0.00017951827895357209,1.9290516641263524,11.005368415739634,0.00012822839930670682,1.9982104269332837,0.0001529059650238196,5.8590158666049774e-05,1.4150685920134052,0.5353041258779285,1.024891783070835,1.2785073534726834
83,0.0002595616355944852,5.9957731408518296,10.065468450784365,9.773315171521862,6.1985658673097666,7.1496263094375125,4.443547558541781,0.00014756103528190678,4.901655826281401,0.6139889011389967,13.378241067947972,0.0003266269345103545,4.244993007685551,1.0037980419331278,0.011264050984709506,1.114845810661265,0.007227700796477166,4.8714496195145784e-05,1.1225654935980813,1.0721682656367193e-05,0.21342811478039536,0.670726222602454
84,9.941928317415407,18.297900479716418,6.043473136794198,6.738965745234815,11.985898894100437,22.00976227082438,0.5693437155364869,2.0013088357388025,1.002083519642274,0.0007822262322703111,15.980156905834075,3.0000109529167833,1.7222414698109247,7.902820966417519,0.0009632014928477872,0.25168756666489855,0.002406944914326914,0.04125504853053741,0.33522751980493126,0.15009718214878376,0.9955008224752362,0.11615662506753921
85,25.160111087598878,7.447578152427567,5.47383845532624,3.081266377952545,12.270871249411211,0.5523600270980713,1.7869999539681913,0.311426120002555,9.253220330116783,0.27197511941467667,14.822308868018085,0.0006806941941557287,3.762888071484511,0.00036112979230296105,0.9998479045322639,0.6289606020527749,0.0037902293713898416,8.030075759535293e-05,0.8970268973160529,0.0003692524283280818,0.6636890632011188,1.341773679742083
86,11.138628187847623,4.616927758237322,20.32186681351848,0.000122048801446617,1.3278346362608688,0.0008661588048028968,0.27115847355149825,0.23659640707631868,9.551485028456753,4.991353676301581,0.0007061318716450327,11.71939863243353,1.8797346095606464,0.00037280298927400146,0.00017836000069010316,0.43874934164386303,0.16278595211849733,8.099858411014793e-05,1.3541943420797473,1.0371702032330177e-05,0.34960053716714157,0.5546376685385184
87,0.0003953048182534502,51.212964754686865,4.370348754570739,0.00013453548831687812,1.9998002216518451,0.00040976023924610416,0.00018221801110485103,0.0003532877057186301,2.081563748999221,0.0005737810290931122,0.004778579601832256,0.0009155781131107155,1.0891686944795556,1.8529365217458058,0.00022129571529316827,4.112652426136037,0.860558308895861,1.3195640512628302,0.2914470177387649,7.10617041477235e-06,1.9045426088620303,2.011365856583126
88,0.002084086144403141,5.588629486818856,1.2717475869179817,0.0008731049832348958,3.315972304455313,0.5719435965234112,1.1712641027006896,0.005827923287927028,4.0142146606288955,1.2852343044239962,5.348675778354744,0.002979437565752807,2.777079315122691,0.0008910950974061471,2.995382054510756,0.2766522760573338,0.008832019210331055,0.2805215135446417,2.755624782043924,8.166408008491999e-05,0.2796868068060405,0.18558753980776999
89,0.00015998824461127548,28.375587225760068,17.65383285539748,7.439775102291435e-05,34.53943882576455,0.0001273894144045995,0.6402358796011178,3.999654572478308,0.00023780253233929294,0.0024113372187435367,1.000802342530489,0.00014367163167949837,0.0001673264146679898,0.00012090093457461926,0.00020829235826086423,0.00021879157022652862,0.07689642637957661,3.4970160818659224e-05,0.0001639637716124298,1.1122106570837786e-05,0.6627167363229418,0.00019952080399221472
90,0.00035054342125562243,11.059580813428026,3.6767452777831195,0.9229444863964922,12.383168121823768,3.3618807504031745,0.9812226295042317,14.176119698943527,12.318419186120472,1.0006362232806882,8.05842562557409,0.0002640575840655579,3.7810749429784423,0.00040424621426060625,4.324235471795571,0.374086100821593,0.0020804019318347855,6.686976684022738e-05,0.7557756634230266,3.183852091126482e-05,0.2164749522804783,0.5398076139396863
91,0.0005110420996142784,10.600269385492236,7.618812300211308,3.3001865568788915,7.407431859278289,1.496942499202758,0.6275610653310046,30.46716518449761,3.000158357271074,0.00038356808068407133,8.372106844973507,0.0004614522469522653,4.087710496456335,0.00048390601802861255,3.5952915780494386,1.784468343174602,0.00010131097360499552,0.28697356412762076,1.682212237510889,8.397330634579703e-05,0.9236365043511654,0.6603997202262732
92,6.064528688737411,3.955011905243916,5.494103886027306,0.0005562579227120779,3.824327576749614,4.694485946511064,1.1105751561800403,7.385418087636602,8.409670432631549,1.561259291604092,2.4797315325303213,0.0007476270509778615,1.2198973447541714,0.0004214482404580888,1.4747618853001576,1.1253000608310444,0.0061936482013038585,0.3257957779668459,0.5556553210112156,1.716702092835476e-05,0.13853212045127172,0.00028910210794208524
93,1.8732166275253883,5.678635282228076,13.866006818206612,1.8015712376992594,7.930202657401652,5.364777931313705,0.8407856338950923,2.998762413697378,14.719708090451071,1.932366110718771,9.045140171596172,0.00019306325201529084,1.541300037019834,0.00020983246574735048,3.1984145303678355,0.6621068184114591,0.007602019891578493,6.743351075044757e-05,1.7519062586526672,8.620958794836042e-06,0.5437211324056364,0.7314835675247693
94,1.9998201735473018,2.3336885159599356,1.0003007548532286,1.2589634625551867,0.3460676495829234,8.38531676436125,0.5182263961560594,0.0003366878001251905,4.747786088971191,0.00028786879204123483,0.7113528485278251,0.7157059703931725,1.0425053319516522,15.449101595802075,3.712174982265874,1.1795965106173938,0.04736045951545975,0.9995972444583217,0.2934265777809877,4.1397162178213875e-05,0.5850584518746835,0.573951193738722
95,10.532899392973263,8.683834967760157,4.6475913020417945,1.008360798269786,14.344491285322963,11.84972971897152,0.0002100947921954699,3.978237196353592,5.391383122610248,0.8441717269808278,17.343614521466108,2.6649613136333876,0.0001768610142782734,1.0012705636384447,0.0003805312585329901,1.369123653042422,0.00474677818263558,0.00024120622223477994,0.00012797078162662956,5.875333869198585e-06,0.33597401168019303,1.1136280841766748
96,34.27363533190069,2.4465108676881746,0.3363460681645447,7.563843155300454e-05,1.785526118261836,0.000598439459047917,1.3964246950922572,0.00011328302593782702,0.0004035032762081947,0.9994492245195632,0.0006129367072580383,0.4109101704546603,1.267987730291555,0.06885151978531134,11.702745325046049,1.197668343388358,0.0021886558486130525,9.0539114616206e-05,0.23593009157647415,0.3906334841477417,0.44233069877493847,0.45350084071675667
97,5.0824949581865155,5.916126484503907,3.1201203546763754,0.6839653017949114,3.9370369110362793,0.0014054536550283103,0.4003178154014435,0.0006414305745128246,11.36625605768134,1.2307850315326876,4.408753180967244,5.723117302935783,3.63745151574744,1.020865037072864,0.38702309806153323,0.38380651239035046,2.580348609626526e-05,0.00010829452506300186,2.008722396656161,1.850478861342708e-05,0.8990688465485199,0.3575001440850585
98,6.642389956144075,8.286192026646725,4.96211218283422,1.5763931464747607,8.659213910348285,1.2512905001527965,2.342066590885704,0.8559031599353797,3.0492529400114767,2.2975565199976753,5.4005470828680435,24.998910680345087,1.5666500976400908,2.325436288180045,0.00019404037380776895,1.3934620595925686,0.013989825807755096,5.980412381489941e-05,0.8561152370409779,6.208454308875844e-06,0.6853270337132606,0.0002498039463034729
99,0.0001948901674140302,12.340838172499026,33.71572396197068,8.375563545603981e-05,31.870369180695633,0.00014783048820443678,1.4948991557373397,0.0001546879542084767,0.000331772191584756,1.3456736689302615,0.0009774618606314123,0.00017273475525481086,0.11377958950541611,0.00012953269795290545,0.0001301258599960553,0.00013841358340727083,0.014694580168281846,3.792211232678255e-05,9.954333199146959e-05,1.0385160763348722e-05,0.8651828586799084,0.00015611046599417477
100,0.7943882426033351,16.081683221698903,6.729845059312262,2.6098844683558085,9.226026421898808,1.9992480009686613,5.824189144611299,6.888556317351288,6.4135245853902365,0.0002651490039262683,11.972193310694486,1.805042170813704,4.073596254141233,1.0354094817609045,6.32639208898578,0.24451778313806471,0.2690865612255493,0.38841784457193285,1.8728741975448315,2.43298195243824e-05,0.22880538507997983,0.977739897640987
101,3.255787646697993,12.815456208979937,6.850314145697952,0.24212046663765374,6.625116083749936,0.00033855618248201935,0.9852178784867727,8.449483471480235,9.931398313648705,2.134671278217646,8.493679622099235,0.00029224128097371516,1.9287154653713756,0.00020216025625940937,3.7111098359333505,0.0001711099094663382,0.004285570698243646,6.416411531517952e-05,1.8164952396531149,0.00014997077641965006,0.6338141820042615,1.332668775657936
102,0.00023378218811886953,16.3629257789963,1.9995806199988218,0.00010972675935239096,12.485171508885736,0.9995203579965055,0.5619020065649281,4.927935780866861,16.98271715361048,3.9751002498887593,5.764667510550133,0.0002784555706595304,1.51540777182508,0.00019237608827005204,0.00041184266475324804,0.3946980034145753,0.007715876445587355,0.6178227492669635,0.28800895821303385,2.7322250559791428e-05,0.08947667850954133,0.3949980456217119
103,0.00042202456757256535,5.384515981405059,7.958527848953194,1.8447228955566963,11.440306676070927,6.901307213603776,1.2595758084302773,3.603279748985952,8.415156236293615,4.717200812839945,10.349647903197932,2.0067475332110276,1.4270290348779575,5.440843468468754,0.0016024263597453903,0.00018791925436545398,0.043684810111201955,0.2473547394248783,0.9460310105197607,8.208894797689936e-06,0.058518115380230995,0.7119266684454502
104,1.116315401583304,3.2816273774070694,3.9976353257445516,0.7049378341679624,5.246333969723491,13.603577826358396,0.7428144699520267,0.4626589090689186,5.677199814878505,0.18070816300463477,8.146032684183645,0.0007925348550354983,3.0089009842380943,0.5909434874983315,0.0021921388119503504,2.0872244926573913,0.0027110426687926292,0.6460672292041565,1.271088114733999,1.299228067949116,0.32681889180018686,0.4794655122827578
105,19.09677236662573,19.830154110104015,9.251535454782541,5.130351805746635,7.655667271641292,9.8375707089898,0.13820722039253575,1.1607887188146053,0.0018372875890699802,0.0008320773874537224,25.784346053380496,2.7068120354736314,1.0247177191759143,1.1745224163783679,1.9994975040528857,1.430561867543659,0.017170052020730964,0.00017935899489884832,0.00013640315003016212,1.692218263826817e-05,0.36196363019720224,0.0002939491051989762
106,1.0002879958537836,12.235314564244547,0.0007751475734976143,0.00015580910916224155,32.93355218895454,0.0005076710215063951,0.0002912542077950775,0.6956554188320867,0.0010512910681246268,0.0002617682366139462,14.267455037844831,5.991363929915697,3.20123599567545,2.5437861961628845,0.00023245656643577917,0.7131501660302213,0.0001674738679184884,4.470923572696961e-05,0.32184605686078527,1.95678107530739e-05,0.596679959121559,0.36321699025019427
107,9.34121955943439,4.680892160693947,3.5860802003494703,0.00014527534820718557,2.9970810250778546,0.0008349124638282746,0.75910682833889,0.0001946642598693593,3.767735663167071,1.6640990477456814,3.163420589779604,29.875064815588946,1.670956391722779,0.5815760981977907,0.00016942620798499064,1.1217515012440877,0.17077709112658113,0.23651109998804287,0.47846396922442125,8.311780902658938e-06,0.3905418441293165,0.2562910608717246
108,0.00040489591948533743,25.38526739849198,13.798943782081778,0.0001569235670233482,20.199312833708756,0.00029046504507523885,2.986767784050823,0.00032749354210892534,0.0006231895118565811,0.0006632624926883324,0.0007215857388154223,0.00033396098410465314,0.00019574180667891738,0.0003211081437317631,0.0002569351545623766,0.00020696590682689475,0.015033363291991009,7.557791614232201e-05,0.00011936903034026614,5.878572608253307e-06,1.5176439358768192,0.19897860400793377
109,0.0007757581452825235,9.793070799455736,1.2988438563978515,0.0005834875382486615,12.540984194233198,6.054389942928215,1.2805772772047597,34.193870895756895,17.031949429386437,2.064077085269627,0.002257174650217353,0.0008268305785850139,1.4427664078723623,0.0008723211648482554,10.127202000299548,1.740031392721903,0.002449019155562837,4.6003187419385085,1.4018242678558188,2.0111331707539648e-05,0.2799112882094974,0.8161228997490468
110,0.00045259445967671397,11.173914793266782,11.600554309058179,0.0002490148890892385,6.8143797089391684,4.805744555346561,1.1817885655953013,3.2343131442921385,29.213541756359827,0.34707823072869637,13.731662892523389,0.0005080661867817859,1.7009620416835851,0.0002540673939135374,0.48809051365454437,0.3483700361143036,4.145860832238668e-05,0.0001160437750691301,1.6021033389180737,0.48382326378325047,0.4594202395589946,0.9945940966611104
111,0.570285701988188,5.780954425450037,7.140042832947008,10.136382210039464,22.24398410965252,0.0016345643805211196,0.8226532480450928,0.6487788453103924,8.594843059083237,0.00032606996020878576,2.2222640233138096,0.40958661407522023,0.4860928163197151,0.0005659271969467028,0.0009603489805658505,0.6701267646605409,0.008857713779605092,1.0792203466000672,0.35192135242220246,1.6559163100282603e-05,0.3520857214800728,0.485319006421733
112,0.0002604038339231174,13.508759800163393,14.277345986204924,0.6588345780493423,10.254241004681793,3.411728068930131,0.6839103179708985,0.0003709990212228398,6.137511106108805,28.178594164013823,0.0007278063671605217,3.482396730662909,2.0852958122135234,9.959869521652385,0.0002145519655062933,1.7609422342154346,7.059243062457199e-05,0.06175193563277048,1.2346489071243063,1.7068621460225586e-05,1.0733487991349433,0.8990697248896993
113,1.9989029954974114,6.391361116016482,3.742999053442971,0.0002950982687615067,8.030373329206254,10.998933667727435,1.4101243198854476,0.00019266827834751865,6.4456678409218515,0.999736620164045,11.014441932650366,0.00025769622310689577,3.7546139904492435,0.9974572189863271,1.428158726203228,0.1503473926644716,2.1898765382388774e-05,4.351207938668722e-05,1.4275433260196415,0.7375357269769864,1.092553746678945,0.3655326341426104
114,18.9518429087743,7.726341274009775,5.276655386254708,3.9113697399621117,24.19059853637715,0.0006853892857465738,0.10398865117815959,0.4016660396249532,11.367958831825081,0.0001398341903984246,8.958955128551487,3.3201036390229723,1.0689175096210857,0.0004578404848931683,0.00018737688266612373,0.847386818396167,0.3284423713909064,0.10614410493720072,0.00025254828166509924,4.725066446553683e-05,0.6329116215121857,0.5303983519433331
115,19.49356533221603,8.816042715056964,6.318595928843893,0.00011246616406301868,6.326227814001649,4.53096280129899,0.9502680459590618,0.5772372051729353,7.080559047774189,0.00010521505353278116,4.628001841541257,1.0010376485003467,8.391377341916087,0.0001283312378868029,0.00013360370979054181,1.5732755213541942,0.003342945911427364,4.149764322392002e-05,1.2731816777542662,5.0993016884604e-06,0.39639024237139253,0.4696824186088122
116,8.522261079113264,11.110827661644494,4.06678801097363,0.0001033966071823933,7.266713109880265,0.23791755523470082,0.6592480201643696,0.9982253930789315,12.185981907849001,0.00033615709293011165,9.189814077738857,4.685400000161858,2.738104485596807,6.557055872833179,0.9976520406388207,0.49366594349670123,0.00874112525423243,0.09878358708998292,0.9835528081437381,1.8515214179615214e-05,0.6405829808637407,0.2225456767351517
117,0.0001456031772832933,13.403815297887569,45.74942677340051,5.60614055782338e-05,39.48216638704864,0.00011779516743759544,1.425095526899355,0.00012803621565360412,0.00022456023093653243,0.6203276216965836,0.0006279854985178357,0.00013607071493138,0.00016316783445979866,9.222556367927126e-05,7.394105546165708e-05,9.23558699597038e-05,0.015967922105289745,4.7090956570627895e-05,0.00010555007217405432,1.055502652747009e-05,0.530542232112694,0.00012243877397821734
118,1.4360236912642277,5.8294508371951235,6.301581742818483,0.7931245828421476,6.572219156357418,0.0007229542161941716,1.43811877836316,21.148771845526404,6.927242288530708,0.5227600295554287,6.568938337995489,0.0002860681451828384,2.113788016554464,2.9991049480917678,7.35186850323675,1.383793131699182,0.0587484414534174,0.9994717420943573,0.7405263163687081,1.9867407388574065e-05,0.3897283203118391,0.49555019375362974
119,0.0006047876362185178,9.888306946396959,7.919941859155963,1.8146099959178414,7.42628481852631,6.8924655767786245,1.108465449240601,35.93441115121844,7.908912853403463,0.0003293184907393609,1.5983061906120848,1.0002509567932505,0.00019810984849044644,0.0007132747763574088,3.5323102466323704,1.0687468494870984,0.013162444468335366,0.0002632163445639435,1.5637140266385359,1.4308668397688962e-05,0.0002905585966956892,0.6921322874566869
120,5.076475023812955,7.734577217512358,7.675597372529506,2.730296110091958,9.82314094423218,4.730989626158934,0.5911926867376689,2.359779109160403,34.2240608674455,0.000550270663547181,1.3376766617628382,0.0013581051716542447,3.030579433163769,1.0653820332168271,1.0013881191984026,1.9267208124088349,0.007977944229722311,4.108968745697439e-05,1.1650521411759982,6.85564049263121e-06,0.26082172820239435,0.30359225774256515
121,0.0005667111636253885,19.450672266619648,15.399048793527916,0.4328240326633672,8.013259656291602,18.114018306989053,3.736506141653585,0.0003576016555966177,1.0014116581619876,0.45863498503361866,15.781936966554756,0.9998640701522992,2.034322697093639,0.00029921248126285604,0.0002915591580654464,1.8119961358785375,0.00040820378626449383,9.846382702960454e-05,0.34842063283488756,2.0729307237843386e-05,0.31068892800742276,0.7573030699237577
122,4.048036830549044,1.7760001515740254,1.6108525098198159,0.00028601179280052236,8.217203467983673,25.80907943858325,0.2328153163856257,0.0002359467198269627,1.592711363181928,1.8475899227445325,7.041306695995216,0.00027428739732671126,2.2855830369918664,0.2930136358291824,0.0002445713360341717,1.0845966607466409,0.006121506851741287,4.082079341571898e-05,0.2961341438169143,4.969536874455116e-06,0.24739922027341166,0.15086314427651715
123,10.783964727722372,11.682280807288404,10.573530829354816,0.00023244594462568102,11.187669913482015,2.7320914608564557,0.7381835722535399,2.872442991729654,5.255623849271341,0.000397207411028333,19.944278295510152,1.3246680758159077,5.37220153601028,0.0004684810760027247,0.0005310182299762545,1.0101217012895631,2.7098685542625844e-05,6.336782224281023e-05,0.6764061093348133,1.0338656963426729e-05,1.5412641446097979,0.8138748672087175
124,12.932283678460086,8.556031633810745,5.302847199139247,0.00013178461518625895,3.196626614733279,1.6328728802890917,6.852129450731752,0.00038455739301213043,6.642211401305578,0.00012508560441482075,1.7972269720821248,12.27658341999146,1.333550371364188,0.4224069765061431,0.00020403035663085767,1.1094162166626091,0.0038597108703584126,0.0001234735440434065,0.7575267930689584,7.96502120437026e-06,0.00014607301963209807,0.5769137576099155
125,0.0006953699053988682,22.862775214601278,11.036186428421361,0.00026249823976698394,17.1088601054397,0.0005437660934164423,1.9627307705621106,0.0004064827517917813,0.0018674773061551075,1.2962673094385062,1.0012386920637644,0.0005146151435619917,0.0002039591300011523,0.0004981113076136801,0.00025688753024377675,0.0002344803948588492,0.04449861483209361,7.084282390934504e-05,0.00020304428918294093,1.4356784220126428e-05,4.26047028672366,0.00025006459840426487
126,0.0006551097939961892,13.74702441845825,6.541663202278336,0.5514640794137762,8.211574996073129,7.083984671062407,2.942762474185848,5.591629932456323,4.103651528362369,0.0001447154381244431,9.492396215692548,0.5036428447717805,0.00021663578501307512,0.0004106816848974404,22.313935503750407,1.1304256526526544,5.93916983575582e-05,9.634164084104668e-05,0.49800116737258726,1.1487884393091008e-05,0.1780215257680382,1.5308460071960184
127,2.9225211832156153,13.800477363111757,1.836831934802157,0.5042229711311919,24.23403887341602,0.001107903258281695,4.750658533523318,24.12099001207194,13.36778159782765,0.00032591503079704154,5.830514545786775,1.0006326766876672,0.6033403730371418,4.688023943788744,2.945037991436319,0.7571548033020399,0.13252822801530328,0.0659244996924997,0.47457070002609925,4.747120027559504e-05,1.0041117436686875,0.2938194723037526
128,1.0000333363101326,14.187743683200491,22.642335433714383,0.00011628192126167392,49.84954263992665,0.00021893828919994363,1.483267112578277,0.0002116805584901904,3.1584743045101664,3.0883878184184805,2.002361863435169,0.000259080892082153,0.17382319459126183,0.0018124878414680357,0.00013222882312879936,2.520919708215146,0.010522513538624878,5.90892040506219e-05,0.00010088635506377841,1.2707074134254981e-05,1.1029912639990584,0.5183438381351309
129,0.00038611468503235713,13.755619776960202,6.23004182674621,0.8354489431642582,9.723381445072247,0.0012054124116733789,0.10483410879394128,1.1150315688089414,5.577029417424709,0.3979580172488477,14.939340658918528,0.0006416970011280387,1.9790452157512561,40.289873834358865,0.00022959077458883925,1.9922426185759008,4.1507348669256316e-05,7.013748790996033e-05,0.7395767038507763,1.5519857782919644e-05,0.492985416524931,0.09462335966276214
130,11.014601209693959,6.849532232283719,7.446623981454918,0.5272504432423961,0.7308874265736175,2.6909086890253686,1.4163622670161828,0.00023774078947924604,0.0005122933340118152,0.0004083394900611381,24.581289454574097,0.0003690843608912253,0.6562556358881757,0.0003344456374094751,0.00020570155888011143,1.0709296353107831,0.009853514618555437,5.139295426204171e-05,0.3754589309511758,8.83553386188396e-06,0.8275373062507168,0.00018784063868082512
131,30.608951409357402,7.511292231530611,7.592581588904877,2.235890583555995,5.095904792053984,4.747867762594332,0.4835182707767096,0.00024608092547229177,2.9999389398656695,0.00017267437667722874,15.278899791511847,0.000658541222881226,1.4023832503641582,1.9999931545555596,0.00024054961819719445,0.3793319458077704,0.004140687744211391,0.6953075175162553,1.0220335421574376,1.0556449097975928e-05,0.33157043113186546,0.8821716242596267
132,2.1386577101577506,0.06178089874842824,3.5844397621933233,0.00026799509716823877,0.41859994833924646,1.0009548179909213,2.8866883299407338,0.00029261732957786,0.0008512310751849217,0.00045256113163194556,0.000937416305562544,0.0004959956025816226,0.7246989642449382,0.00040075918086213136,0.0002039248714826858,0.00020091628024232477,0.005560701347690156,7.50670482005944e-05,0.1812032882478931,1.3448828042328387e-05,0.00017173648458879143,0.25330141057165534
133,0.0003336343206115089,8.445561358828742,7.226454204210895,0.3858798264987584,9.573755313579628,5.8951090809151,2.013382195368269,6.970227874601017,1.0004657004056305,0.0002920998118920437,0.013747147509289737,0.00020221330147651706,2.2866890896828522,0.5893668152729796,19.19701459476576,0.6178455335291773,0.012525063326904728,0.28503052777374194,0.7180840270573761,0.0953770110099299,0.11385024658290632,0.1559580005479546
134,4.303282612278236,8.042117925696001,7.1693616041301045,0.8856158236706797,14.10640191404388,6.142649260605503,1.2371475632529947,19.45913836718254,12.037815852445847,0.0002787671326380803,2.000450907580734,1.1691984330121126,0.6856511588512344,0.00035176169357709064,1.9858354691453002,0.8888678845717521,9.077531683487905e-05,5.908213644900684e-05,0.5185594073581612,1.885849745519863e-05,0.7572638597909496,1.0106676368681136
135,5.444171728751196,6.123287743810767,2.436127258643543,9.308567842758464e-05,8.730012508770075,5.764911317832226,1.8607137465097736,0.0007301934310502967,20.298317889590958,1.000360708754691,10.784319183955965,0.12692675644447537,3.6553744484804973,0.7747244003676934,0.907558594375987,0.9723676376225647,0.018715115560212325,0.00040806451129071775,0.33308969281060286,7.637178271124867e-06,0.08732468884050526,1.3861604531727707
136,0.0002906114235692314,4.47171510117702,11.582784248947135,3.2600813008511658,10.123207532170202,15.778597666684531,0.5068354909272266,0.00017157135356571374,0.00024402627453179448,9.299998161416134e-05,3.264348431235214,0.00016838738618774052,3.522838897455131,14.093243114051315,0.00017043665013771747,2.5801143357167504,6.237079268345269e-05,0.09247391595942744,0.00013541008190998127,7.653668156137883e-06,1.206709172345068,0.3162349759475731
137,0.6490990641862648,4.947568158497906,0.7717051003376005,2.148187194102454,3.4711958684910336,21.669568789553907,0.5089414433267798,0.00012371747383843612,0.0003986138655283078,0.00018026488814504305,22.792710825531756,0.00015952596802215613,5.093352490019917,0.00011217044081068828,0.0002031820556804842,2.019590019639729,2.6554129988198838e-05,3.164942184952224e-05,0.969784044957656,5.802092985618401e-06,1.3971638746773891,0.23322710017482962
138,0.00027447527432578056,9.949402696359254,33.742030671142466,9.818978751274798e-05,29.231656230408984,0.00016585678396419112,0.5505698368626,0.0001716499801767135,0.00032953181065531467,0.584664407554111,0.0004683805996100743,0.0002173775982238224,0.00016539666456161228,0.0001405255148205775,0.00011761521326558722,0.00020853474508442105,0.017565029835452606,6.833228064451191e-05,0.00023418735765545762,7.1216420849395945e-06,0.6867287118218783,0.00022858935615488463
139,0.0009050705372859458,4.65989874536299,7.403678271335224,0.3422434435879871,13.189283324904894,0.000697650633896485,3.2180485736103854,14.046655273795878,0.000646942617005708,0.0004892348453111595,4.994288134145105,0.00024535556432980776,1.506280238199306,0.9983912743348802,13.326553154624833,0.00017791248413345784,0.017911347507549635,9.32922896268451e-05,0.7306619788254594,1.5349234743666784e-05,0.00041299068593048105,0.5042488874786386
140,3.4149536710845507,9.639591864376948,3.3045614242457853,1.2096424177352878,4.30077184471694,3.6108868921152677,2.2415749531247826,13.568997054812076,27.356078325939666,0.00015286474794606875,1.3033006069775246,0.00043766406320100426,2.28412298402851,0.0001999733976836282,2.9896120931709174,0.773589864857307,0.001312261977034268,0.02179539662471086,0.585064084106854,8.116496530874429e-06,0.23005157031654377,0.46260953268991045
141,4.237228297022684,12.076398276168947,19.578601280247312,1.0582094876675043,21.39915342110111,24.04542731540395,3.3937602798103086,0.0007756384720165599,12.054971680535772,0.0003836733563069572,9.381539219477194,0.0008791987418872438,0.0002890567523570198,0.0008697700603268466,0.0005819849422614709,3.626232952223475,0.03967943918610217,0.14692040956595065,0.7140668976648037,1.3492573039286526e-05,0.23412268422924143,0.6131662433927332
142,0.00047481855981468257,4.227848014147485,3.2464434072020563,4.167746792673768,1.8532646381579763,0.00032479842146893034,2.031498972857877,0.00034174243169116103,0.0007528219572938699,0.0002969267678536447,12.505055937818264,0.0005545776512829725,3.9674483775938825,15.449099875119874,0.00023835467133093147,2.9983329425502347,0.0019396831064568687,0.0001155794158904655,0.5118342158339111,0.0003241872026364945,0.5244967652400003,0.6344778532032578
143,0.0003224764070903774,5.243118383584139,23.833655856057323,0.0001392375022932768,20.42135325741546,0.0002233271937762682,0.00047422071390990084,0.0002232731937861221,0.0004163713077727227,1.6643084177840803,0.000549780666268207,0.0002719256111203272,0.00021881941327706045,0.0001880084108996094,0.0001486410424894613,0.00025692687696476924,0.015103493067144313,7.4970245613315e-05,0.00013681869718595863,1.002167701358303e-05,0.4124650060137469,0.0002936689527359704
144,0.0008270599586590599,11.084394320773274,5.008514478902569,3.116493138054082,7.626432898283146,4.592008711782267,1.957224421563943,22.714522327892276,4.382092031792621,0.6504861986131791,15.15390576221827,0.000831982209356319,0.00019513922751901447,0.001192818556553732,34.33976070664296,0.00020494518366120928,0.00767504730951174,0.9933091759764068,0.39901245002384655,0.0001703195620166298,0.5814422512097437,0.7462496798982841
145,1.9603538827496307,1.7736112101511443,3.213664161327999,0.09057105301725432,5.467953333311252,7.2436538184328265,3.7096283281522524,3.0075638842485604,27.344888887556536,7.9089376240047145,2.8476924356324447,0.1937439162341612,1.4318763558656276,0.999664983212512,1.0009592898255875,1.3980464845246772,0.10949723835199165,4.275043442447668e-05,0.6440556950329679,1.738741674728317e-05,0.32165797820166375,0.7515012503248144
146,4.05835969025317,9.604527595043526,0.0006744376087657322,2.8130171148025127,33.085700917295505,4.458377066701287,2.2831837046105257,0.7464621872002037,3.151201296584024,1.0071517834240646,2.2077278191910077,0.000416506023570129,3.5268771673415955,1.4472153507640675,5.522153553347087,0.2232502390071076,8.071907427620317e-05,9.853278648819241e-05,1.3376433722877792,5.846100464168558e-06,0.5139253723127091,0.3377653185046654
147,0.0003233373291924302,7.9955667202682275,8.721122965922497,0.00015772672752589756,7.046902349892122,0.0001944235375433978,1.104035364526192,0.0002219304403036082,0.00047113104409912676,1.9996897878387472,0.0005530451582840268,0.00027570671101806443,0.00023282014199743628,0.00018125516468403546,0.00015345427913104892,0.0002528916731208142,0.011162622343675821,0.00010331328866897138,0.15216961356854597,6.111782238349406e-05,2.930915274408491,0.00024046494349505565
148,1.5227829562822155,14.104278472611577,14.70078641804955,2.019263674150558,10.43814654063956,0.0007001285493166698,2.040789676197356,20.269469702004514,16.31846989975451,0.00034558895529102074,2.797093315539957,0.000578628411125548,0.8012024097907826,0.4620747713835147,7.655177706626283,0.93550985420584,0.005442686559717913,0.0001311423081489238,1.3995951604430203,1.1532911599942963e-05,0.43572908158933643,0.5678717560607254
149,4.004701515415119,5.22640531713844,2.4779166238998576,0.5820488859933617,6.960285418467496,6.649103459416174,1.6127182175459112,6.682795290930746,12.499256843219769,0.12749339206997234,4.225810892057397,0.8163859108974112,3.9159394507255456,0.0006583036240255247,0.0004532789583930885,0.8349556107935143,0.00520153398997536,6.533657541041293e-05,0.37888967042071187,8.728513449796083e-06,0.00021470136069723367,0.34432257115207676
150,3.000057910999776,4.322239955602724,6.8755233990609845,1.1427739680241942,2.0051286812032467,6.672495443524585,1.2281560045739415,1.0006202641102027,2.063948423894743,0.9357686215129997,7.666866121810508,0.0010517645432164269,4.570350838479634,1.0005702515290777,0.0008312208885059569,0.20968204620542963,0.005383569014611567,0.00014959575953099602,0.5746600221249736,3.9553209774112474e-05,0.136704582022249,0.8514077070743014
151,0.0003000502392627169,10.260349301257527,32.36076993940719,0.00013283684354115088,28.949885340810354,0.00020398788839504078,0.00021623099756951092,0.00018121895099848517,0.0004702434003205358,1.9804431816342882,0.0006361961917915604,0.00024365468618003927,0.00024091603489395652,0.00016607503048193806,0.00011427767084037921,0.00020300019130914393,0.014679273223464406,6.275553226586794e-05,0.08707673244948211,1.1087050836522394e-05,0.5304724522990938,0.00019415338987727182
152,0.00036196189783543886,11.68775881838999,1.3833148279079799,1.647986201637167,6.846163399677111,0.00046833292145409544,2.7439933903179234,12.951741821791162,13.975231135066466,2.413987955686845,3.104374149359197,0.00044852762186931017,1.8519672709550505,1.4750726861956998,5.917736580531873,1.7875093928811694,5.2481944067039876e-05,0.8065871446528163,0.6343783217749177,0.20295474974545868,0.5689160295043685,1.001831785093394
153,3.3422738316954206,8.958379637400975,3.7642406112783156,0.0003871605117398147,5.615119729342447,0.5912420843606694,1.7472699231791076,1.9985189111868498,9.695461419616931,3.1313588342767935,8.885644266328567,0.00156128353321483,3.9590719264407355,0.9351218318814287,0.00032825097536681724,2.4918270023709397,0.054446840925493234,0.1926290792258385,1.2045841343259696,1.0817375397209616e-05,0.6070062398368252,0.9959587873855256
154,0.0005517668105912144,7.185501415099776,7.513669244607636,0.9462835473376643,3.002895810342749,0.0015407399610882777,0.4568791273909696,1.923326957155977,0.001453536363403174,0.0006061095360792024,8.985878400244724,0.00038611730529058974,0.0002686741131761039,0.0004912750201184757,20.818095939765563,0.25745602971105086,0.00013578088493204632,0.25101003285615775,0.00019890704258784808,1.569503601217548e-05,0.06355191909267432,0.6585209331091733
155,0.0008846310813725999,15.907325081692063,1.854898959109045,0.000896968597704273,13.86720353062369,0.00127030797817973,1.0875343247487912,36.19667097974197,19.573340165229688,0.6551281410812155,6.076587149308686,0.0007292472565785246,1.5199136467864776,0.0005748635252125212,1.800157842608955,1.0155130860586752,0.13472510095465395,0.00013081322859420652,1.3060712482858108,2.020031199378991e-05,1.1227294016432694,0.09018308040261402
156,0.0009026576883117698,13.294241250603013,6.19262007425777,1.7536979892756186,18.119003540743538,0.0017579174964561517,0.958172146535837,5.052316578032711,22.218699517949908,0.00050518132518107,11.819190091708188,1.0007553256945507,0.3179447787018539,0.004786125460434221,20.176669399606702,0.6062016668951316,0.010630792601432404,0.00012292663340929266,0.31785313991153785,1.6353781887801233e-05,0.888338553033206,0.1630210873883513
